municipality_code,name,type,region,base_url,category
010006,北海道,municipality,北海道,https://www.pref.hokkaido.lg.jp/,prefecture
020001,青森県,municipality,青森県,https://www.pref.aomori.lg.jp/,prefecture
030007,岩手県,municipality,岩手県,https://www.pref.iwate.jp/,prefecture
040002,宮城県,municipality,宮城県,https://www.pref.miyagi.jp/,prefecture
050008,秋田県,municipality,秋田県,https://www.pref.akita.lg.jp/,prefecture
060003,山形県,municipality,山形県,https://www.pref.yamagata.jp/,prefecture
070009,福島県,municipality,福島県,https://www.pref.fukushima.lg.jp/,prefecture
080004,茨城県,municipality,茨城県,https://www.pref.ibaraki.jp/,prefecture
090000,栃木県,municipality,栃木県,https://www.pref.tochigi.lg.jp/,prefecture
100005,群馬県,municipality,群馬県,https://www.pref.gunma.jp/,prefecture
110001,埼玉県,municipality,埼玉県,https://www.pref.saitama.lg.jp/,prefecture
120006,千葉県,municipality,千葉県,https://www.pref.chiba.lg.jp/,prefecture
130001,東京都,municipality,東京都,https://www.metro.tokyo.lg.jp/,prefecture
140007,神奈川県,municipality,神奈川県,https://www.pref.kanagawa.jp/,prefecture
150002,新潟県,municipality,新潟県,https://www.pref.niigata.lg.jp/,prefecture
160008,富山県,municipality,富山県,https://www.pref.toyama.jp/,prefecture
170003,石川県,municipality,石川県,https://www.pref.ishikawa.lg.jp/,prefecture
180009,福井県,municipality,福井県,https://www.pref.fukui.lg.jp/,prefecture
190004,山梨県,municipality,山梨県,https://www.pref.yamanashi.jp/,prefecture
200000,長野県,municipality,長野県,https://www.pref.nagano.lg.jp/,prefecture
210005,岐阜県,municipality,岐阜県,https://www.pref.gifu.lg.jp/,prefecture
220001,静岡県,municipality,静岡県,https://www.pref.shizuoka.jp/,prefecture
230006,愛知県,municipality,愛知県,https://www.pref.aichi.jp/,prefecture
240001,三重県,municipality,三重県,https://www.pref.mie.lg.jp/,prefecture
250007,滋賀県,municipality,滋賀県,https://www.pref.shiga.lg.jp/,prefecture
260002,京都府,municipality,京都府,https://www.pref.kyoto.jp/,prefecture
270008,大阪府,municipality,大阪府,https://www.pref.osaka.lg.jp/,prefecture
280003,兵庫県,municipality,兵庫県,https://web.pref.hyogo.lg.jp/,prefecture
290009,奈良県,municipality,奈良県,https://www.pref.nara.jp/,prefecture
300004,和歌山県,municipality,和歌山県,https://www.pref.wakayama.lg.jp/,prefecture
310000,鳥取県,municipality,鳥取県,https://www.pref.tottori.lg.jp/,prefecture
320005,島根県,municipality,島根県,https://www.pref.shimane.lg.jp/,prefecture
330001,岡山県,municipality,岡山県,https://www.pref.okayama.jp/,prefecture
340006,広島県,municipality,広島県,https://www.pref.hiroshima.lg.jp/,prefecture
350001,山口県,municipality,山口県,https://www.pref.yamaguchi.lg.jp/,prefecture
360007,徳島県,municipality,徳島県,https://www.pref.tokushima.lg.jp/,prefecture
370002,香川県,municipality,香川県,https://www.pref.kagawa.lg.jp/,prefecture
380008,愛媛県,municipality,愛媛県,https://www.pref.ehime.jp/,prefecture
390003,高知県,municipality,高知県,https://www.pref.kochi.lg.jp/,prefecture
400009,福岡県,municipality,福岡県,https://www.pref.fukuoka.lg.jp/,prefecture
410004,佐賀県,municipality,佐賀県,https://www.pref.saga.lg.jp/,prefecture
420000,長崎県,municipality,長崎県,https://www.pref.nagasaki.lg.jp/,prefecture
430005,熊本県,municipality,熊本県,https://www.pref.kumamoto.jp/,prefecture
440001,大分県,municipality,大分県,https://www.pref.oita.jp/,prefecture
450006,宮崎県,municipality,宮崎県,https://www.pref.miyazaki.lg.jp/,prefecture
460001,鹿児島県,municipality,鹿児島県,https://www.pref.kagoshima.jp/,prefecture
470007,沖縄県,municipality,沖縄県,https://www.pref.okinawa.lg.jp/,prefecture
011002,札幌市,municipality,北海道,https://www.city.sapporo.jp/,designated_city
012025,函館市,municipality,北海道,https://www.city.hakodate.hokkaido.jp/,core_city
012033,小樽市,municipality,北海道,https://www.city.otaru.lg.jp/,city
012041,旭川市,municipality,北海道,https://www.city.asahikawa.hokkaido.jp/,core_city
012050,室蘭市,municipality,北海道,https://www.city.muroran.lg.jp/,city
012068,釧路市,municipality,北海道,https://www.city.kushiro.lg.jp/,city
012076,帯広市,municipality,北海道,https://www.city.obihiro.hokkaido.jp/,city
012084,北見市,municipality,北海道,https://www.city.kitami.lg.jp/,city
012092,夕張市,municipality,北海道,https://www.city.yubari.lg.jp/,city
012106,岩見沢市,municipality,北海道,https://www.city.iwamizawa.hokkaido.jp/,city
012114,網走市,municipality,北海道,https://www.city.abashiri.hokkaido.jp/,city
012122,留萌市,municipality,北海道,https://www.e-rumoi.jp/,city
012131,苫小牧市,municipality,北海道,https://www.city.tomakomai.hokkaido.jp/,city
012149,稚内市,municipality,北海道,https://www.city.wakkanai.hokkaido.jp/,city
012157,美唄市,municipality,北海道,https://www.city.bibai.hokkaido.jp/,city
012165,芦別市,municipality,北海道,https://www.city.ashibetsu.hokkaido.jp/,city
012173,江別市,municipality,北海道,https://www.city.ebetsu.hokkaido.jp/,city
012181,赤平市,municipality,北海道,https://www.city.akabira.hokkaido.jp/,city
012190,紋別市,municipality,北海道,https://mombetsu.jp/,city
012203,士別市,municipality,北海道,https://www.city.shibetsu.lg.jp/www/index.html,city
012211,名寄市,municipality,北海道,http://www.city.nayoro.lg.jp/,city
012220,三笠市,municipality,北海道,https://www.city.mikasa.hokkaido.jp/,city
012238,根室市,municipality,北海道,https://www.city.nemuro.hokkaido.jp/,city
012246,千歳市,municipality,北海道,https://www.city.chitose.lg.jp,city
012254,滝川市,municipality,北海道,https://www.city.takikawa.lg.jp/,city
012262,砂川市,municipality,北海道,https://www.city.sunagawa.hokkaido.jp/,city
012271,歌志内市,municipality,北海道,https://www.city.utashinai.hokkaido.jp/,city
012289,深川市,municipality,北海道,https://www.city.fukagawa.lg.jp/,city
012297,富良野市,municipality,北海道,https://www.city.furano.hokkaido.jp/,city
012301,登別市,municipality,北海道,https://www.city.noboribetsu.lg.jp/,city
012319,恵庭市,municipality,北海道,https://www.city.eniwa.hokkaido.jp/,city
012335,伊達市,municipality,北海道,https://www.city.date.hokkaido.jp/,city
012343,北広島市,municipality,北海道,https://www.city.kitahiroshima.hokkaido.jp/,city
012351,石狩市,municipality,北海道,https://www.city.ishikari.hokkaido.jp/,city
012360,北斗市,municipality,北海道,https://www.city.hokuto.hokkaido.jp/index.html,city
013030,北海道当別町,municipality,北海道,https://www.town.tobetsu.hokkaido.jp/,town
013048,北海道新篠津村,municipality,北海道,https://www.vill.shinshinotsu.hokkaido.jp/,village
013315,北海道松前町,municipality,北海道,https://www.town.matsumae.hokkaido.jp/,town
013323,北海道福島町,municipality,北海道,https://www.town.fukushima.hokkaido.jp/,town
013331,北海道知内町,municipality,北海道,https://www.town.shiriuchi.hokkaido.jp/,town
013340,北海道木古内町,municipality,北海道,https://www.town.kikonai.hokkaido.jp/,town
013374,北海道七飯町,municipality,北海道,https://www.town.nanae.hokkaido.jp/,town
013439,北海道鹿部町,municipality,北海道,https://www.town.shikabe.lg.jp/,town
013455,北海道森町,municipality,北海道,https://www.town.hokkaido-mori.lg.jp/,town
013463,北海道八雲町,municipality,北海道,https://www.town.yakumo.lg.jp/,town
013471,北海道長万部町,municipality,北海道,https://www.town.oshamambe.lg.jp/index.php,town
013617,北海道江差町,municipality,北海道,https://www.hokkaido-esashi.jp/,town
013625,北海道上ノ国町,municipality,北海道,https://www.town.kaminokuni.lg.jp/,town
013633,北海道厚沢部町,municipality,北海道,https://www.town.assabu.lg.jp/index.php,town
013641,北海道乙部町,municipality,北海道,https://www.town.otobe.lg.jp/,town
013676,北海道奥尻町,municipality,北海道,https://www.town.okushiri.lg.jp/,town
013706,北海道今金町,municipality,北海道,https://www.town.imakane.lg.jp/,town
013714,北海道せたな町,municipality,北海道,https://www.town.setana.lg.jp/,town
013919,北海道島牧村,municipality,北海道,https://www.vill.shimamaki.lg.jp/,village
013927,北海道寿都町,municipality,北海道,http://www.town.suttu.lg.jp/,town
013935,北海道黒松内町,municipality,北海道,http://www.kuromatsunai.com/,town
013943,北海道蘭越町,municipality,北海道,https://www.town.rankoshi.hokkaido.jp/,town
013951,北海道ニセコ町,municipality,北海道,https://www.town.niseko.lg.jp/,town
013960,北海道真狩村,municipality,北海道,https://www.vill.makkari.lg.jp/,village
013978,北海道留寿都村,municipality,北海道,https://www.vill.rusutsu.lg.jp/,village
013986,北海道喜茂別町,municipality,北海道,https://www.town.kimobetsu.hokkaido.jp/,town
013994,北海道京極町,municipality,北海道,https://www.town-kyogoku.jp/,town
014001,北海道倶知安町,municipality,北海道,https://www.town.kutchan.hokkaido.jp/,town
014010,北海道共和町,municipality,北海道,https://www.town.kyowa.hokkaido.jp/,town
014028,北海道岩内町,municipality,北海道,https://www.town.iwanai.hokkaido.jp/,town
014036,北海道泊村,municipality,北海道,https://www.vill.tomari.hokkaido.jp/,village
014044,北海道神恵内村,municipality,北海道,https://www.vill.kamoenai.hokkaido.jp/,village
014052,北海道積丹町,municipality,北海道,https://www.town.shakotan.lg.jp/,town
014061,北海道古平町,municipality,北海道,https://www.town.furubira.lg.jp/,town
014079,北海道仁木町,municipality,北海道,https://www.town.niki.hokkaido.jp/,town
014087,北海道余市町,municipality,北海道,https://www.town.yoichi.hokkaido.jp/,town
014095,北海道赤井川村,municipality,北海道,https://www.akaigawa.com/,village
014231,北海道南幌町,municipality,北海道,https://www.town.nanporo.hokkaido.jp/,town
014249,北海道奈井江町,municipality,北海道,https://www.town.naie.hokkaido.jp/,town
014257,北海道上砂川町,municipality,北海道,https://town.kamisunagawa.hokkaido.jp/,town
014273,北海道由仁町,municipality,北海道,https://www.town.yuni.lg.jp/,town
014281,北海道長沼町,municipality,北海道,https://www.maoi-net.jp/,town
014290,北海道栗山町,municipality,北海道,https://www.town.kuriyama.hokkaido.jp/,town
014303,北海道月形町,municipality,北海道,https://www.town.tsukigata.hokkaido.jp/,town
014311,北海道浦臼町,municipality,北海道,https://www.town.urausu.hokkaido.jp/,town
014320,北海道新十津川町,municipality,北海道,https://www.town.shintotsukawa.lg.jp/,town
014338,北海道妹背牛町,municipality,北海道,https://www.town.moseushi.hokkaido.jp/,town
014346,北海道秩父別町,municipality,北海道,https://www.town.chippubetsu.hokkaido.jp/,town
014362,北海道雨竜町,municipality,北海道,https://www.town.uryu.hokkaido.jp/,town
014371,北海道北竜町,municipality,北海道,http://www.town.hokuryu.hokkaido.jp/,town
014389,北海道沼田町,municipality,北海道,https://www.town.numata.hokkaido.jp/,town
014524,北海道鷹栖町,municipality,北海道,https://www.town.takasu.hokkaido.jp/,town
014532,北海道東神楽町,municipality,北海道,https://www.town.higashikagura.lg.jp/,town
014541,北海道当麻町,municipality,北海道,https://town.tohma.hokkaido.jp/,town
014559,北海道比布町,municipality,北海道,https://www.town.pippu.hokkaido.jp/,town
014567,北海道愛別町,municipality,北海道,https://www.town.aibetsu.hokkaido.jp/,town
014575,北海道上川町,municipality,北海道,https://www.town.hokkaido-kamikawa.lg.jp/,town
014583,北海道東川町,municipality,北海道,https://town.higashikawa.hokkaido.jp/,town
014591,北海道美瑛町,municipality,北海道,https://town.biei.hokkaido.jp/,town
014605,北海道上富良野町,municipality,北海道,https://www.town.kamifurano.hokkaido.jp/,town
014613,北海道中富良野町,municipality,北海道,https://www.town.nakafurano.lg.jp/,town
014621,北海道南富良野町,municipality,北海道,https://www.town.minamifurano.hokkaido.jp/,town
014630,北海道占冠村,municipality,北海道,https://www.vill.shimukappu.lg.jp/,village
014648,北海道和寒町,municipality,北海道,https://www.town.wassamu.hokkaido.jp/,town
014656,北海道剣淵町,municipality,北海道,https://www.town.kembuchi.hokkaido.jp/wp-content/cache/all//index.html,town
014681,北海道下川町,municipality,北海道,https://www.town.shimokawa.hokkaido.jp/,town
014699,北海道美深町,municipality,北海道,https://www.town.bifuka.hokkaido.jp/,town
014702,北海道音威子府村,municipality,北海道,https://www.vill.otoineppu.hokkaido.jp/,village
014711,北海道中川町,municipality,北海道,https://www.town.nakagawa.hokkaido.jp/,town
014729,北海道幌加内町,municipality,北海道,https://www.town.horokanai.hokkaido.jp/,town
014818,北海道増毛町,municipality,北海道,https://www.town.mashike.hokkaido.jp/,town
014826,北海道小平町,municipality,北海道,https://www.town.obira.hokkaido.jp/,town
014834,北海道苫前町,municipality,北海道,http://www.town.tomamae.lg.jp/,town
014842,北海道羽幌町,municipality,北海道,https://www.town.haboro.lg.jp/,town
014851,北海道初山別村,municipality,北海道,https://www.vill.shosanbetsu.lg.jp/,village
014869,北海道遠別町,municipality,北海道,https://www.town.embetsu.hokkaido.jp/,town
014877,北海道天塩町,municipality,北海道,https://www.teshiotown.hokkaido.jp/,town
015113,北海道猿払村,municipality,北海道,https://www.vill.sarufutsu.hokkaido.jp/,village
015121,北海道浜頓別町,municipality,北海道,http://www.town.hamatonbetsu.hokkaido.jp/,town
015130,北海道中頓別町,municipality,北海道,https://www.town.nakatombetsu.hokkaido.jp/,town
015148,北海道枝幸町,municipality,北海道,https://www.esashi.jp/,town
015164,北海道豊富町,municipality,北海道,https://www.town.toyotomi.hokkaido.jp/,town
015172,北海道礼文町,municipality,北海道,https://www.town.rebun.hokkaido.jp/,town
015181,北海道利尻町,municipality,北海道,https://www.town.rishiri.hokkaido.jp/2s_index.htm,town
015199,北海道利尻富士町,municipality,北海道,https://www.town.rishirifuji.hokkaido.jp/rishirifuji/,town
015202,北海道幌延町,municipality,北海道,https://www.town.horonobe.lg.jp/,town
015431,北海道美幌町,municipality,北海道,https://www.town.bihoro.hokkaido.jp/,town
015440,北海道津別町,municipality,北海道,https://www.town.tsubetsu.hokkaido.jp/,town
015458,北海道斜里町,municipality,北海道,https://www.town.shari.hokkaido.jp/,town
015466,北海道清里町,municipality,北海道,https://www.town.kiyosato.hokkaido.jp/,town
015474,北海道小清水町,municipality,北海道,https://www.town.koshimizu.hokkaido.jp/,town
015491,北海道訓子府町,municipality,北海道,https://www.town.kunneppu.hokkaido.jp/,town
015504,北海道置戸町,municipality,北海道,https://www.town.oketo.hokkaido.jp/,town
015521,北海道佐呂間町,municipality,北海道,https://www.town.saroma.hokkaido.jp/,town
015555,北海道遠軽町,municipality,北海道,https://engaru.jp/,town
015598,北海道湧別町,municipality,北海道,https://www.town.yubetsu.lg.jp/,town
015601,北海道滝上町,municipality,北海道,https://www.town.takinoue.hokkaido.jp/,town
015610,北海道興部町,municipality,北海道,https://www.town.okoppe.lg.jp/cms/,town
015628,北海道西興部村,municipality,北海道,https://www.vill.nishiokoppe.lg.jp/,village
015636,北海道雄武町,municipality,北海道,https://www.town.oumu.hokkaido.jp/,town
015644,北海道大空町,municipality,北海道,https://www.town.ozora.hokkaido.jp/,town
015717,北海道豊浦町,municipality,北海道,https://www.town.toyoura.hokkaido.jp/,town
015750,北海道壮瞥町,municipality,北海道,https://www.town.sobetsu.lg.jp/,town
015784,北海道白老町,municipality,北海道,https://www.town.shiraoi.hokkaido.jp/,town
015814,北海道厚真町,municipality,北海道,https://www.town.atsuma.lg.jp/office/,town
015849,北海道洞爺湖町,municipality,北海道,http://www.town.toyako.hokkaido.jp/,town
015857,北海道安平町,municipality,北海道,https://www.town.abira.lg.jp/,town
015865,北海道むかわ町,municipality,北海道,https://www.town.mukawa.lg.jp/,town
016012,北海道日高町,municipality,北海道,https://www.town.hidaka.hokkaido.jp/,town
016021,北海道平取町,municipality,北海道,https://www.town.biratori.hokkaido.jp/,town
016047,北海道新冠町,municipality,北海道,https://www.niikappu.jp/,town
016071,北海道浦河町,municipality,北海道,https://www.town.urakawa.hokkaido.jp/,town
016080,北海道様似町,municipality,北海道,http://www.samani.jp/,town
016098,北海道えりも町,municipality,北海道,https://www.town.erimo.lg.jp/,town
016101,北海道新ひだか町,municipality,北海道,https://www.shinhidaka-hokkaido.jp/,town
016314,北海道音更町,municipality,北海道,https://www.town.otofuke.hokkaido.jp/,town
016322,北海道士幌町,municipality,北海道,https://www.shihoro.jp/,town
016331,北海道上士幌町,municipality,北海道,https://www.kamishihoro.jp/,town
016349,北海道鹿追町,municipality,北海道,https://www.town.shikaoi.lg.jp/,town
016357,北海道新得町,municipality,北海道,https://www.shintoku-town.jp/,town
016365,北海道清水町,municipality,北海道,https://www.town.shimizu.hokkaido.jp/,town
016373,北海道芽室町,municipality,北海道,https://www.memuro.net/,town
016381,北海道中札内村,municipality,北海道,https://www.vill.nakasatsunai.hokkaido.jp/,village
016390,北海道更別村,municipality,北海道,https://www.sarabetsu.jp/,village
016411,北海道大樹町,municipality,北海道,https://www.town.taiki.hokkaido.jp/,town
016420,北海道広尾町,municipality,北海道,https://www.town.hiroo.lg.jp/,town
016438,北海道幕別町,municipality,北海道,https://www.town.makubetsu.lg.jp/,town
016446,北海道池田町,municipality,北海道,https://www.town.hokkaido-ikeda.lg.jp/,town
016454,北海道豊頃町,municipality,北海道,https://www.toyokoro.jp/,town
016462,北海道本別町,municipality,北海道,https://www.town.honbetsu.hokkaido.jp/,town
016471,北海道足寄町,municipality,北海道,https://www.town.ashoro.hokkaido.jp/,town
016489,北海道陸別町,municipality,北海道,https://www.rikubetsu.jp/,town
016497,北海道浦幌町,municipality,北海道,https://www.urahoro.jp/,town
016616,北海道釧路町,municipality,北海道,http://www.town.kushiro.lg.jp/,town
016624,北海道厚岸町,municipality,北海道,https://www.akkeshi-town.jp/,town
016632,北海道浜中町,municipality,北海道,https://www.townhamanaka.jp/,town
016641,北海道標茶町,municipality,北海道,https://town.shibecha.hokkaido.jp/top/,town
016659,北海道弟子屈町,municipality,北海道,https://www.town.teshikaga.hokkaido.jp/,town
016675,北海道鶴居村,municipality,北海道,https://www.vill.tsurui.lg.jp/,village
016683,北海道白糠町,municipality,北海道,https://www.town.shiranuka.lg.jp/,town
016918,北海道別海町,municipality,北海道,https://betsukai.jp/,town
016926,北海道中標津町,municipality,北海道,https://www.nakashibetsu.jp/,town
016934,北海道標津町,municipality,北海道,https://www.shibetsutown.jp/,town
016942,北海道羅臼町,municipality,北海道,https://www.rausu-town.jp/,town
022012,青森市,municipality,青森県,https://www.city.aomori.aomori.jp/,core_city
022021,弘前市,municipality,青森県,https://www.city.hirosaki.aomori.jp/,city
022039,八戸市,municipality,青森県,https://www.city.hachinohe.aomori.jp/,core_city
022047,黒石市,municipality,青森県,https://www.city.kuroishi.aomori.jp/,city
022055,五所川原市,municipality,青森県,https://www.city.goshogawara.lg.jp/,city
022063,十和田市,municipality,青森県,https://www.city.towada.lg.jp/,city
022071,三沢市,municipality,青森県,https://www.city.misawa.lg.jp/,city
022080,むつ市,municipality,青森県,https://www.city.mutsu.lg.jp/,city
022098,つがる市,municipality,青森県,https://www.city.tsugaru.aomori.jp/,city
022101,平川市,municipality,青森県,https://www.city.hirakawa.lg.jp/,city
023019,青森県平内町,municipality,青森県,https://www.town.hiranai.aomori.jp/,town
023035,青森県今別町,municipality,青森県,https://www.town.imabetsu.lg.jp/,town
023043,青森県蓬田村,municipality,青森県,https://www.vill.yomogita.lg.jp/,village
023078,青森県外ヶ浜町,municipality,青森県,https://www.town.sotogahama.lg.jp/,town
023213,青森県鰺ヶ沢町,municipality,青森県,https://www.town.ajigasawa.lg.jp/,town
023230,青森県深浦町,municipality,青森県,https://www.town.fukaura.lg.jp/,town
023434,青森県西目屋村,municipality,青森県,https://www.nishimeya.jp/,village
023612,青森県藤崎町,municipality,青森県,https://www.town.fujisaki.lg.jp/,town
023621,青森県大鰐町,municipality,青森県,http://www.town.owani.lg.jp/,town
023671,青森県田舎館村,municipality,青森県,http://www.vill.inakadate.lg.jp/,village
023817,青森県板柳町,municipality,青森県,https://www.town.itayanagi.aomori.jp/,town
023841,青森県鶴田町,municipality,青森県,https://www.town.tsuruta.lg.jp/,town
023876,青森県中泊町,municipality,青森県,https://www.town.nakadomari.lg.jp/index.cfm,town
024015,青森県野辺地町,municipality,青森県,https://www.town.noheji.aomori.jp/,town
024023,青森県七戸町,municipality,青森県,https://www.town.shichinohe.lg.jp/,town
024058,青森県六戸町,municipality,青森県,https://www.town.rokunohe.aomori.jp/,town
024066,青森県横浜町,municipality,青森県,https://www.town.yokohama.lg.jp/,town
024082,青森県東北町,municipality,青森県,https://www.town.tohoku.lg.jp/,town
024112,青森県六ヶ所村,municipality,青森県,https://www.rokkasho.jp/,village
024121,青森県おいらせ町,municipality,青森県,https://www.town.oirase.aomori.jp/,town
024236,青森県大間町,municipality,青森県,https://www.town.ooma.lg.jp/,town
024244,青森県東通村,municipality,青森県,http://www.vill.higashidoori.lg.jp/,village
024252,青森県風間浦村,municipality,青森県,https://www.kazamaura.jp/,village
024261,青森県佐井村,municipality,青森県,https://www.vill.sai.lg.jp/,village
024414,青森県三戸町,municipality,青森県,https://www.town.sannohe.aomori.jp/,town
024422,青森県五戸町,municipality,青森県,https://www.town.gonohe.aomori.jp/,town
024431,青森県田子町,municipality,青森県,https://www.town.takko.lg.jp/,town
024457,青森県南部町,municipality,青森県,https://www.town.aomori-nanbu.lg.jp/,town
024465,青森県階上町,municipality,青森県,https://www.town.hashikami.lg.jp/,town
024503,青森県新郷村,municipality,青森県,https://www.vill.shingo.aomori.jp/,village
032018,盛岡市,municipality,岩手県,https://www.city.morioka.iwate.jp/,core_city
032026,宮古市,municipality,岩手県,https://www.city.miyako.iwate.jp/,city
032034,大船渡市,municipality,岩手県,https://www.city.ofunato.iwate.jp/,city
032051,花巻市,municipality,岩手県,https://www.city.hanamaki.iwate.jp/,city
032069,北上市,municipality,岩手県,https://www.city.kitakami.iwate.jp/,city
032077,久慈市,municipality,岩手県,https://www.city.kuji.iwate.jp/index.html,city
032085,遠野市,municipality,岩手県,https://www.city.tono.iwate.jp/,city
032093,一関市,municipality,岩手県,https://www.city.ichinoseki.iwate.jp/,city
032107,陸前高田市,municipality,岩手県,https://www.city.rikuzentakata.iwate.jp/,city
032115,釜石市,municipality,岩手県,https://www.city.kamaishi.iwate.jp/,city
032131,二戸市,municipality,岩手県,https://www.city.ninohe.lg.jp/,city
032140,八幡平市,municipality,岩手県,https://www.city.hachimantai.lg.jp/,city
032158,奥州市,municipality,岩手県,https://www.city.oshu.iwate.jp/,city
032166,滝沢市,municipality,岩手県,https://www.city.takizawa.iwate.jp/,city
033014,岩手県雫石町,municipality,岩手県,https://www.town.shizukuishi.iwate.jp/,town
033022,岩手県葛巻町,municipality,岩手県,https://www.town.kuzumaki.iwate.jp/,town
033031,岩手県岩手町,municipality,岩手県,https://town.iwate.iwate.jp/,town
033219,岩手県紫波町,municipality,岩手県,https://www.town.shiwa.iwate.jp/,town
033227,岩手県矢巾町,municipality,岩手県,https://www.town.yahaba.iwate.jp/,town
033669,岩手県西和賀町,municipality,岩手県,https://www.town.nishiwaga.lg.jp/,town
033812,岩手県金ケ崎町,municipality,岩手県,https://www.town.kanegasaki.iwate.jp/,town
034029,岩手県平泉町,municipality,岩手県,https://www.town.hiraizumi.iwate.jp/,town
034410,岩手県住田町,municipality,岩手県,https://www.town.sumita.iwate.jp/,town
034614,岩手県大槌町,municipality,岩手県,https://www.town.otsuchi.iwate.jp/,town
034827,岩手県山田町,municipality,岩手県,https://www.town.yamada.iwate.jp/,town
034835,岩手県岩泉町,municipality,岩手県,https://www.town.iwaizumi.lg.jp/,town
034843,岩手県田野畑村,municipality,岩手県,https://www.vill.tanohata.iwate.jp/,village
034851,岩手県普代村,municipality,岩手県,https://www.vill.fudai.iwate.jp/,village
035017,岩手県軽米町,municipality,岩手県,https://www.town.karumai.iwate.jp/,town
035033,岩手県野田村,municipality,岩手県,https://www.vill.noda.iwate.jp/,village
035068,岩手県九戸村,municipality,岩手県,https://www.vill.kunohe.iwate.jp/,village
035076,岩手県洋野町,municipality,岩手県,https://www.town.hirono.iwate.jp/,town
035246,岩手県一戸町,municipality,岩手県,https://www.town.ichinohe.iwate.jp/,town
041009,仙台市,municipality,宮城県,https://www.city.sendai.jp/,designated_city
042021,石巻市,municipality,宮城県,https://www.city.ishinomaki.lg.jp/index.html,city
042030,塩竈市,municipality,宮城県,https://www.city.shiogama.miyagi.jp/,city
042056,気仙沼市,municipality,宮城県,https://www.kesennuma.miyagi.jp/,city
042064,白石市,municipality,宮城県,https://www.city.shiroishi.miyagi.jp/,city
042072,名取市,municipality,宮城県,https://www.city.natori.miyagi.jp/,city
042081,角田市,municipality,宮城県,https://www.city.kakuda.lg.jp/,city
042099,多賀城市,municipality,宮城県,https://www.city.tagajo.miyagi.jp/,city
042111,岩沼市,municipality,宮城県,https://www.city.iwanuma.miyagi.jp/,city
042129,登米市,municipality,宮城県,https://www.city.tome.miyagi.jp/,city
042137,栗原市,municipality,宮城県,https://www.kuriharacity.jp/,city
042145,東松島市,municipality,宮城県,https://www.city.higashimatsushima.miyagi.jp/,city
042153,大崎市,municipality,宮城県,https://www.city.osaki.miyagi.jp/,city
042161,富谷市,municipality,宮城県,https://www.tomiya-city.miyagi.jp/,city
043010,宮城県蔵王町,municipality,宮城県,https://www.town.zao.miyagi.jp/,town
043028,宮城県七ヶ宿町,municipality,宮城県,https://town.shichikashuku.miyagi.jp/,town
043214,宮城県大河原町,municipality,宮城県,https://www.town.ogawara.miyagi.jp/,town
043222,宮城県村田町,municipality,宮城県,https://www.town.murata.miyagi.jp/,town
043231,宮城県柴田町,municipality,宮城県,https://www.town.shibata.miyagi.jp/,town
043249,宮城県川崎町,municipality,宮城県,https://www.town.kawasaki.miyagi.jp/,town
043419,宮城県丸森町,municipality,宮城県,https://www.town.marumori.miyagi.jp/,town
043613,宮城県亘理町,municipality,宮城県,https://www.town.watari.miyagi.jp/,town
043621,宮城県山元町,municipality,宮城県,https://www.town.yamamoto.miyagi.jp/,town
044016,宮城県松島町,municipality,宮城県,https://www.town.miyagi-matsushima.lg.jp/,town
044041,宮城県七ヶ浜町,municipality,宮城県,https://www.shichigahama.com/,town
044067,宮城県利府町,municipality,宮城県,https://www.town.rifu.miyagi.jp/,town
044211,宮城県大和町,municipality,宮城県,https://www.town.taiwa.miyagi.jp/,town
044229,宮城県大郷町,municipality,宮城県,https://www.town.miyagi-osato.lg.jp/,town
044245,宮城県大衡村,municipality,宮城県,https://www.village.ohira.miyagi.jp/,village
044440,宮城県色麻町,municipality,宮城県,https://www.town.shikama.miyagi.jp/,town
044458,宮城県加美町,municipality,宮城県,https://www.town.kami.miyagi.jp/,town
045012,宮城県涌谷町,municipality,宮城県,https://www.town.wakuya.miyagi.jp/,town
045055,宮城県美里町,municipality,宮城県,https://www.town.misato.miyagi.jp/,town
045811,宮城県女川町,municipality,宮城県,https://www.town.onagawa.miyagi.jp/,town
046060,宮城県南三陸町,municipality,宮城県,https://www.town.minamisanriku.miyagi.jp/,town
052019,秋田市,municipality,秋田県,https://www.city.akita.lg.jp/,core_city
052027,能代市,municipality,秋田県,https://www.city.noshiro.lg.jp/,city
052035,横手市,municipality,秋田県,https://www.city.yokote.lg.jp/,city
052043,大館市,municipality,秋田県,https://www.city.odate.lg.jp/,city
052060,男鹿市,municipality,秋田県,https://www.city.oga.akita.jp/,city
052078,湯沢市,municipality,秋田県,https://www.city-yuzawa.jp/,city
052094,鹿角市,municipality,秋田県,https://www.city.kazuno.lg.jp/,city
052108,由利本荘市,municipality,秋田県,https://www.city.yurihonjo.lg.jp/,city
052116,潟上市,municipality,秋田県,https://www.city.katagami.lg.jp/,city
052124,大仙市,municipality,秋田県,https://www.city.daisen.lg.jp/,city
052132,北秋田市,municipality,秋田県,https://www.city.kitaakita.akita.jp/,city
052141,にかほ市,municipality,秋田県,https://www.city.nikaho.akita.jp/,city
052159,仙北市,municipality,秋田県,https://www.city.semboku.akita.jp/,city
053031,秋田県小坂町,municipality,秋田県,https://www.town.kosaka.akita.jp/,town
053279,秋田県上小阿仁村,municipality,秋田県,https://www.vill.kamikoani.akita.jp/forms/top/top.aspx,village
053465,秋田県藤里町,municipality,秋田県,https://www.town.fujisato.akita.jp/,town
053481,秋田県三種町,municipality,秋田県,https://www.town.mitane.akita.jp/,town
053490,秋田県八峰町,municipality,秋田県,https://www.town.happo.lg.jp/,town
053619,秋田県五城目町,municipality,秋田県,https://www.town.gojome.akita.jp/,town
053635,秋田県八郎潟町,municipality,秋田県,https://www.town.hachirogata.akita.jp/,town
053660,秋田県井川町,municipality,秋田県,https://www.town.ikawa.akita.jp/,town
053686,秋田県大潟村,municipality,秋田県,https://www.vill.ogata.akita.jp/,village
054348,秋田県美郷町,municipality,秋田県,https://www.town.misato.akita.jp/,town
054631,秋田県羽後町,municipality,秋田県,https://www.town.ugo.lg.jp/,town
054640,秋田県東成瀬村,municipality,秋田県,https://www.higashinaruse.com/,village
062014,山形市,municipality,山形県,https://www.city.yamagata-yamagata.lg.jp/,core_city
062022,米沢市,municipality,山形県,https://www.city.yonezawa.yamagata.jp/,city
062031,鶴岡市,municipality,山形県,https://www.city.tsuruoka.lg.jp/,city
062049,酒田市,municipality,山形県,https://www.city.sakata.lg.jp/,city
062057,新庄市,municipality,山形県,https://www.city.shinjo.yamagata.jp/,city
062065,寒河江市,municipality,山形県,https://www.city.sagae.yamagata.jp/,city
062073,上山市,municipality,山形県,https://www.city.kaminoyama.yamagata.jp/,city
062081,村山市,municipality,山形県,https://www.city.murayama.lg.jp/,city
062090,長井市,municipality,山形県,https://www.city.nagai.yamagata.jp/,city
062103,天童市,municipality,山形県,https://www.city.tendo.yamagata.jp/,city
062111,東根市,municipality,山形県,https://www.city.higashine.yamagata.jp/,city
062120,尾花沢市,municipality,山形県,https://www.city.obanazawa.yamagata.jp/,city
062138,南陽市,municipality,山形県,http://www.city.nanyo.yamagata.jp/,city
063011,山形県山辺町,municipality,山形県,https://www.town.yamanobe.yamagata.jp/,town
063029,山形県中山町,municipality,山形県,https://www.town.nakayama.yamagata.jp/,town
063215,山形県河北町,municipality,山形県,https://www.town.kahoku.yamagata.jp/,town
063223,山形県西川町,municipality,山形県,https://www.town.nishikawa.yamagata.jp/,town
063231,山形県朝日町,municipality,山形県,https://www.town.asahi.yamagata.jp/,town
063240,山形県大江町,municipality,山形県,https://www.town.oe.yamagata.jp/,town
063410,山形県大石田町,municipality,山形県,https://www.town.oishida.yamagata.jp/,town
063614,山形県金山町,municipality,山形県,https://www.town.kaneyama.yamagata.jp/,town
063622,山形県最上町,municipality,山形県,https://town.mogami.lg.jp/,town
063631,山形県舟形町,municipality,山形県,https://www.town.funagata.yamagata.jp/,town
063649,山形県真室川町,municipality,山形県,https://www.town.mamurogawa.yamagata.jp/index.html,town
063657,山形県大蔵村,municipality,山形県,https://www.vill.ohkura.yamagata.jp/,village
063665,山形県鮭川村,municipality,山形県,https://www.vill.sakegawa.yamagata.jp/,village
063673,山形県戸沢村,municipality,山形県,https://www.vill.tozawa.yamagata.jp/,village
063819,山形県高畠町,municipality,山形県,https://www.town.takahata.yamagata.jp/,town
063827,山形県川西町,municipality,山形県,https://www.town.kawanishi.yamagata.jp/,town
064017,山形県小国町,municipality,山形県,https://www.town.oguni.yamagata.jp/,town
064025,山形県白鷹町,municipality,山形県,https://www.town.shirataka.lg.jp/,town
064033,山形県飯豊町,municipality,山形県,https://www.town.iide.yamagata.jp/,town
064262,山形県三川町,municipality,山形県,https://www.town.mikawa.yamagata.jp/,town
064289,山形県庄内町,municipality,山形県,https://www.town.shonai.lg.jp/,town
064611,山形県遊佐町,municipality,山形県,https://www.town.yuza.yamagata.jp/,town
072010,福島市,municipality,福島県,https://www.city.fukushima.fukushima.jp/,core_city
072028,会津若松市,municipality,福島県,https://www.city.aizuwakamatsu.fukushima.jp/,city
072036,郡山市,municipality,福島県,https://www.city.koriyama.lg.jp/,core_city
072044,いわき市,municipality,福島県,https://www.city.iwaki.lg.jp/www/index.html,core_city
072052,白河市,municipality,福島県,https://www.city.shirakawa.fukushima.jp/,city
072079,須賀川市,municipality,福島県,https://www.city.sukagawa.fukushima.jp/,city
072087,喜多方市,municipality,福島県,https://www.city.kitakata.fukushima.jp/,city
072095,相馬市,municipality,福島県,https://www.city.soma.fukushima.jp/,city
072109,二本松市,municipality,福島県,https://www.city.nihonmatsu.lg.jp/,city
072117,田村市,municipality,福島県,https://www.city.tamura.lg.jp/,city
072125,南相馬市,municipality,福島県,https://www.city.minamisoma.lg.jp/,city
072133,伊達市,municipality,福島県,https://www.city.fukushima-date.lg.jp/,city
072141,本宮市,municipality,福島県,https://www.city.motomiya.lg.jp/,city
073016,福島県桑折町,municipality,福島県,https://www.town.koori.fukushima.jp/,town
073032,福島県国見町,municipality,福島県,https://www.town.kunimi.fukushima.jp/,town
073083,福島県川俣町,municipality,福島県,https://www.town.kawamata.lg.jp/,town
073229,福島県大玉村,municipality,福島県,https://www.vill.otama.fukushima.jp/,village
073423,福島県鏡石町,municipality,福島県,https://www.town.kagamiishi.fukushima.jp/,town
073440,福島県天栄村,municipality,福島県,https://www.vill.tenei.fukushima.jp/,village
073628,福島県下郷町,municipality,福島県,https://www.town.shimogo.fukushima.jp/,town
073644,福島県檜枝岐村,municipality,福島県,https://www.vill.hinoemata.lg.jp/,village
073679,福島県只見町,municipality,福島県,https://www.town.tadami.lg.jp/,town
073687,福島県南会津町,municipality,福島県,https://www.town.minamiaizu.lg.jp/index.html,town
074021,福島県北塩原村,municipality,福島県,https://www.vill.kitashiobara.fukushima.jp/,village
074055,福島県西会津町,municipality,福島県,https://www.town.nishiaizu.fukushima.jp/,town
074071,福島県磐梯町,municipality,福島県,https://www.town.bandai.fukushima.jp/,town
074080,福島県猪苗代町,municipality,福島県,https://www.town.inawashiro.fukushima.jp/,town
074217,福島県会津坂下町,municipality,福島県,https://www.town.aizubange.fukushima.jp/,town
074225,福島県湯川村,municipality,福島県,https://www.vill.yugawa.fukushima.jp/,village
074233,福島県柳津町,municipality,福島県,https://www.town.yanaizu.fukushima.jp/,town
074446,福島県三島町,municipality,福島県,https://www.town.mishima.fukushima.jp/,town
074454,福島県金山町,municipality,福島県,https://www.town.kaneyama.fukushima.jp/,town
074462,福島県昭和村,municipality,福島県,https://www.vill.showa.fukushima.jp/,village
074471,福島県会津美里町,municipality,福島県,https://www.town.aizumisato.fukushima.jp/,town
074616,福島県西郷村,municipality,福島県,https://www.vill.nishigo.fukushima.jp/,village
074641,福島県泉崎村,municipality,福島県,https://www.vill.izumizaki.fukushima.jp/,village
074659,福島県中島村,municipality,福島県,https://www.vill-nakajima.jp/,village
074667,福島県矢吹町,municipality,福島県,https://www.town.yabuki.fukushima.jp/,town
074811,福島県棚倉町,municipality,福島県,https://www.town.tanagura.fukushima.jp/,town
074829,福島県矢祭町,municipality,福島県,https://www.town.yamatsuri.fukushima.jp/,town
074837,福島県塙町,municipality,福島県,https://www.town.hanawa.fukushima.jp/,town
074845,福島県鮫川村,municipality,福島県,https://www.vill.samegawa.fukushima.jp/,village
075019,福島県石川町,municipality,福島県,https://www.town.ishikawa.fukushima.jp/,town
075027,福島県玉川村,municipality,福島県,https://www.vill.tamakawa.fukushima.jp/,village
075035,福島県平田村,municipality,福島県,https://www.vill.hirata.fukushima.jp/,village
075043,福島県浅川町,municipality,福島県,https://www.town.asakawa.fukushima.jp/,town
075051,福島県古殿町,municipality,福島県,https://www.town.furudono.fukushima.jp/,town
075213,福島県三春町,municipality,福島県,https://www.town.miharu.fukushima.jp/,town
075221,福島県小野町,municipality,福島県,https://www.town.ono.fukushima.jp/,town
075418,福島県広野町,municipality,福島県,https://www.town.hirono.fukushima.jp/,town
075426,福島県楢葉町,municipality,福島県,https://www.town.naraha.lg.jp/,town
075434,福島県富岡町,municipality,福島県,https://www.tomioka-town.jp/,town
075442,福島県川内村,municipality,福島県,https://www.kawauchimura.jp/,village
075451,福島県大熊町,municipality,福島県,https://www.town.okuma.fukushima.jp/,town
075469,福島県双葉町,municipality,福島県,https://www.town.fukushima-futaba.lg.jp/,town
075477,福島県浪江町,municipality,福島県,https://www.town.namie.fukushima.jp/,town
075485,福島県葛尾村,municipality,福島県,https://www.katsurao.org/,village
075612,福島県新地町,municipality,福島県,https://www.shinchi-town.jp/,town
075647,福島県飯舘村,municipality,福島県,https://www.vill.iitate.fukushima.jp/,village
082015,水戸市,municipality,茨城県,https://www.city.mito.lg.jp/,core_city
082023,日立市,municipality,茨城県,https://www.city.hitachi.lg.jp/,city
082031,土浦市,municipality,茨城県,https://www.city.tsuchiura.lg.jp/index.html,city
082040,古河市,municipality,茨城県,https://www.city.ibaraki-koga.lg.jp/,city
082058,石岡市,municipality,茨城県,https://www.city.ishioka.lg.jp/,city
082074,結城市,municipality,茨城県,https://www.city.yuki.lg.jp/,city
082082,龍ケ崎市,municipality,茨城県,https://www.city.ryugasaki.ibaraki.jp/,city
082104,下妻市,municipality,茨城県,https://www.city.shimotsuma.lg.jp/,city
082112,常総市,municipality,茨城県,https://www.city.joso.lg.jp/,city
082121,常陸太田市,municipality,茨城県,https://www.city.hitachiota.ibaraki.jp/,city
082147,高萩市,municipality,茨城県,https://www.city.takahagi.ibaraki.jp/index.html,city
082155,北茨城市,municipality,茨城県,https://www.city.kitaibaraki.lg.jp/,city
082163,笠間市,municipality,茨城県,https://www.city.kasama.lg.jp/index.html,city
082171,取手市,municipality,茨城県,https://www.city.toride.ibaraki.jp/,city
082198,牛久市,municipality,茨城県,https://www.city.ushiku.lg.jp/,city
082201,つくば市,municipality,茨城県,https://www.city.tsukuba.lg.jp/,city
082210,ひたちなか市,municipality,茨城県,https://www.city.hitachinaka.lg.jp/,city
082228,鹿嶋市,municipality,茨城県,https://www.city.kashima.ibaraki.jp/,city
082236,潮来市,municipality,茨城県,https://www.city.itako.lg.jp/,city
082244,守谷市,municipality,茨城県,https://www.city.moriya.ibaraki.jp/,city
082252,常陸大宮市,municipality,茨城県,https://www.city.hitachiomiya.lg.jp/,city
082261,那珂市,municipality,茨城県,https://www.city.naka.lg.jp/,city
082279,筑西市,municipality,茨城県,https://www.city.chikusei.lg.jp/index.html,city
082287,坂東市,municipality,茨城県,https://www.city.bando.lg.jp/,city
082295,稲敷市,municipality,茨城県,https://www.city.inashiki.lg.jp/index.html,city
082309,かすみがうら市,municipality,茨城県,https://www.city.kasumigaura.lg.jp/,city
082317,桜川市,municipality,茨城県,https://www.city.sakuragawa.lg.jp/index.html,city
082325,神栖市,municipality,茨城県,https://www.city.kamisu.ibaraki.jp/,city
082333,行方市,municipality,茨城県,https://www.city.namegata.ibaraki.jp/,city
082341,鉾田市,municipality,茨城県,https://www.city.hokota.lg.jp/,city
082350,つくばみらい市,municipality,茨城県,https://www.city.tsukubamirai.lg.jp/,city
082368,小美玉市,municipality,茨城県,https://www.city.omitama.lg.jp/,city
083020,茨城県茨城町,municipality,茨城県,https://www.town.ibaraki.lg.jp/,town
083097,茨城県大洗町,municipality,茨城県,https://www.town.oarai.lg.jp/,town
083101,茨城県城里町,municipality,茨城県,https://www.town.shirosato.lg.jp/,town
083411,茨城県東海村,municipality,茨城県,https://www.vill.tokai.ibaraki.jp/,village
083640,茨城県大子町,municipality,茨城県,https://www.town.daigo.ibaraki.jp/,town
084425,茨城県美浦村,municipality,茨城県,https://www.vill.miho.lg.jp/,village
084433,茨城県阿見町,municipality,茨城県,https://www.town.ami.lg.jp/,town
084476,茨城県河内町,municipality,茨城県,https://www.town.ibaraki-kawachi.lg.jp/,town
085219,茨城県八千代町,municipality,茨城県,https://www.town.ibaraki-yachiyo.lg.jp/,town
085421,茨城県五霞町,municipality,茨城県,https://www.town.goka.lg.jp/,town
085464,茨城県境町,municipality,茨城県,https://www.town.ibaraki-sakai.lg.jp/,town
085642,茨城県利根町,municipality,茨城県,https://www.town.tone.ibaraki.jp/,town
092011,宇都宮市,municipality,栃木県,https://www.city.utsunomiya.lg.jp/,core_city
092029,足利市,municipality,栃木県,https://www.city.ashikaga.tochigi.jp/,city
092037,栃木市,municipality,栃木県,https://www.city.tochigi.lg.jp/,city
092045,佐野市,municipality,栃木県,https://www.city.sano.lg.jp/,city
092053,鹿沼市,municipality,栃木県,https://www.city.kanuma.tochigi.jp/,city
092061,日光市,municipality,栃木県,https://www.city.nikko.lg.jp/,city
092088,小山市,municipality,栃木県,https://www.city.oyama.tochigi.jp/,city
092096,真岡市,municipality,栃木県,https://www.city.moka.lg.jp/,city
092100,大田原市,municipality,栃木県,https://www.city.ohtawara.tochigi.jp/,city
092118,矢板市,municipality,栃木県,https://www.city.yaita.tochigi.jp/,city
092134,那須塩原市,municipality,栃木県,https://www.city.nasushiobara.lg.jp/,city
092142,さくら市,municipality,栃木県,https://www.city.tochigi-sakura.lg.jp/,city
092151,那須烏山市,municipality,栃木県,https://www.city.nasukarasuyama.lg.jp/,city
092169,下野市,municipality,栃木県,https://www.city.shimotsuke.lg.jp/,city
093017,栃木県上三川町,municipality,栃木県,https://www.town.kaminokawa.lg.jp/,town
093424,栃木県益子町,municipality,栃木県,https://www.town.mashiko.tochigi.jp/,town
093432,栃木県茂木町,municipality,栃木県,https://www.town.motegi.tochigi.jp/,town
093441,栃木県市貝町,municipality,栃木県,https://www.town.ichikai.tochigi.jp/forms/top/top.aspx,town
093459,栃木県芳賀町,municipality,栃木県,https://www.town.tochigi-haga.lg.jp/,town
093611,栃木県壬生町,municipality,栃木県,https://www.town.mibu.tochigi.jp/,town
093645,栃木県野木町,municipality,栃木県,https://www.town.nogi.lg.jp/,town
093840,栃木県塩谷町,municipality,栃木県,https://www.town.shioya.tochigi.jp/,town
093866,栃木県高根沢町,municipality,栃木県,https://www.town.takanezawa.tochigi.jp/,town
094072,栃木県那須町,municipality,栃木県,https://www.town.nasu.lg.jp/,town
094111,栃木県那珂川町,municipality,栃木県,https://www.town.tochigi-nakagawa.lg.jp/,town
102016,前橋市,municipality,群馬県,https://www.city.maebashi.gunma.jp/,core_city
102024,高崎市,municipality,群馬県,https://www.city.takasaki.gunma.jp/,core_city
102032,桐生市,municipality,群馬県,https://www.city.kiryu.lg.jp/,city
102041,伊勢崎市,municipality,群馬県,https://www.city.isesaki.lg.jp/,city
102059,太田市,municipality,群馬県,https://www.city.ota.gunma.jp/,city
102067,沼田市,municipality,群馬県,https://www.city.numata.gunma.jp/,city
102075,館林市,municipality,群馬県,https://www.city.tatebayashi.gunma.jp/,city
102083,渋川市,municipality,群馬県,https://www.city.shibukawa.lg.jp/,city
102091,藤岡市,municipality,群馬県,https://www.city.fujioka.gunma.jp/,city
102105,富岡市,municipality,群馬県,https://www.city.tomioka.lg.jp/www/index.html,city
102113,安中市,municipality,群馬県,https://www.city.annaka.lg.jp/,city
102121,みどり市,municipality,群馬県,https://www.city.midori.gunma.jp/www/index.html,city
103446,群馬県榛東村,municipality,群馬県,https://www.vill.shinto.gunma.jp/,village
103454,群馬県吉岡町,municipality,群馬県,https://www.town.yoshioka.gunma.jp/,town
103667,群馬県上野村,municipality,群馬県,https://www.uenomura.jp/,village
103675,群馬県神流町,municipality,群馬県,https://www.town.kanna.gunma.jp/,town
103829,群馬県下仁田町,municipality,群馬県,https://www.town.shimonita.lg.jp/,town
103837,群馬県南牧村,municipality,群馬県,https://nanmoku.ne.jp/,village
103845,群馬県甘楽町,municipality,群馬県,https://www.town.kanra.lg.jp/,town
104213,群馬県中之条町,municipality,群馬県,https://www.town.nakanojo.gunma.jp/,town
104248,群馬県長野原町,municipality,群馬県,https://www.town.naganohara.gunma.jp/www/index.html,town
104256,群馬県嬬恋村,municipality,群馬県,https://www.vill.tsumagoi.gunma.jp/,village
104264,群馬県草津町,municipality,群馬県,https://www.town.kusatsu.gunma.jp/,town
104281,群馬県高山村,municipality,群馬県,https://vill.takayama.gunma.jp/,village
104299,群馬県東吾妻町,municipality,群馬県,https://www.town.higashiagatsuma.gunma.jp/www/index.html,town
104434,群馬県片品村,municipality,群馬県,https://www.vill.katashina.gunma.jp/,village
104442,群馬県川場村,municipality,群馬県,https://www.vill.kawaba.gunma.jp/,village
104485,群馬県昭和村,municipality,群馬県,https://www.vill.showa.gunma.jp/,village
104493,群馬県みなかみ町,municipality,群馬県,https://www.town.minakami.gunma.jp/,town
104647,群馬県玉村町,municipality,群馬県,https://www.town.tamamura.lg.jp/,town
105210,群馬県板倉町,municipality,群馬県,https://www.town.itakura.gunma.jp/,town
105228,群馬県明和町,municipality,群馬県,https://www.town.meiwa.gunma.jp/,town
105236,群馬県千代田町,municipality,群馬県,https://www.town.chiyoda.gunma.jp/,town
105244,群馬県大泉町,municipality,群馬県,https://www.town.oizumi.gunma.jp/,town
105252,群馬県邑楽町,municipality,群馬県,https://www.town.ora.gunma.jp/,town
111007,さいたま市,municipality,埼玉県,https://www.city.saitama.jp/,designated_city
112011,川越市,municipality,埼玉県,https://www.city.kawagoe.saitama.jp/,core_city
112020,熊谷市,municipality,埼玉県,https://www.city.kumagaya.lg.jp/,city
112038,川口市,municipality,埼玉県,https://www.city.kawaguchi.lg.jp/,core_city
112062,行田市,municipality,埼玉県,https://www.city.gyoda.lg.jp/,city
112071,秩父市,municipality,埼玉県,https://www.city.chichibu.lg.jp/,city
112089,所沢市,municipality,埼玉県,https://www.city.tokorozawa.saitama.jp/,city
112097,飯能市,municipality,埼玉県,https://www.city.hanno.lg.jp,city
112101,加須市,municipality,埼玉県,https://www.city.kazo.lg.jp/,city
112119,本庄市,municipality,埼玉県,https://www.city.honjo.lg.jp/,city
112127,東松山市,municipality,埼玉県,https://www.city.higashimatsuyama.lg.jp/,city
112143,春日部市,municipality,埼玉県,https://www.city.kasukabe.lg.jp/,city
112151,狭山市,municipality,埼玉県,https://www.city.sayama.saitama.jp/,city
112160,羽生市,municipality,埼玉県,https://www.city.hanyu.lg.jp/,city
112178,鴻巣市,municipality,埼玉県,https://www.city.kounosu.saitama.jp/,city
112186,深谷市,municipality,埼玉県,https://www.city.fukaya.saitama.jp/,city
112194,上尾市,municipality,埼玉県,https://www.city.ageo.lg.jp/,city
112216,草加市,municipality,埼玉県,https://www.city.soka.saitama.jp/,city
112224,越谷市,municipality,埼玉県,https://www.city.koshigaya.saitama.jp/,core_city
112232,蕨市,municipality,埼玉県,https://www.city.warabi.saitama.jp/,city
112241,戸田市,municipality,埼玉県,https://www.city.toda.saitama.jp/,city
112259,入間市,municipality,埼玉県,https://www.city.iruma.saitama.jp/,city
112275,朝霞市,municipality,埼玉県,https://www.city.asaka.lg.jp/,city
112283,志木市,municipality,埼玉県,https://www.city.shiki.lg.jp/,city
112291,和光市,municipality,埼玉県,https://www.city.wako.lg.jp/,city
112305,新座市,municipality,埼玉県,https://www.city.niiza.lg.jp/,city
112313,桶川市,municipality,埼玉県,https://www.city.okegawa.lg.jp/,city
112321,久喜市,municipality,埼玉県,https://www.city.kuki.lg.jp/,city
112330,北本市,municipality,埼玉県,https://www.city.kitamoto.lg.jp/index.html,city
112348,八潮市,municipality,埼玉県,https://www.city.yashio.lg.jp/,city
112356,富士見市,municipality,埼玉県,https://www.city.fujimi.saitama.jp/,city
112372,三郷市,municipality,埼玉県,https://www.city.misato.lg.jp/,city
112381,蓮田市,municipality,埼玉県,https://www.city.hasuda.saitama.jp/,city
112399,坂戸市,municipality,埼玉県,https://www.city.sakado.lg.jp/,city
112402,幸手市,municipality,埼玉県,https://www.city.satte.lg.jp/,city
112411,鶴ヶ島市,municipality,埼玉県,https://www.city.tsurugashima.lg.jp/,city
112429,日高市,municipality,埼玉県,https://www.city.hidaka.lg.jp/,city
112437,吉川市,municipality,埼玉県,https://www.city.yoshikawa.saitama.jp/,city
112453,ふじみ野市,municipality,埼玉県,https://www.city.fujimino.saitama.jp/,city
112461,白岡市,municipality,埼玉県,https://www.city.shiraoka.lg.jp/,city
113018,埼玉県伊奈町,municipality,埼玉県,https://www.town.saitama-ina.lg.jp/,town
113247,埼玉県三芳町,municipality,埼玉県,https://www.town.saitama-miyoshi.lg.jp/,town
113263,埼玉県毛呂山町,municipality,埼玉県,https://www.town.moroyama.saitama.jp/www/index.html,town
113271,埼玉県越生町,municipality,埼玉県,https://www.town.ogose.saitama.jp/,town
113417,埼玉県滑川町,municipality,埼玉県,https://www.town.namegawa.saitama.jp/index.html,town
113425,埼玉県嵐山町,municipality,埼玉県,https://www.town.ranzan.saitama.jp/,town
113433,埼玉県小川町,municipality,埼玉県,https://www.town.ogawa.saitama.jp/,town
113468,埼玉県川島町,municipality,埼玉県,https://www.town.kawajima.saitama.jp/,town
113476,埼玉県吉見町,municipality,埼玉県,https://www.town.yoshimi.saitama.jp/,town
113484,埼玉県鳩山町,municipality,埼玉県,https://www.town.hatoyama.saitama.jp/,town
113492,埼玉県ときがわ町,municipality,埼玉県,https://www.town.tokigawa.lg.jp/forms/top/top.aspx,town
113611,埼玉県横瀬町,municipality,埼玉県,https://www.town.yokoze.saitama.jp/,town
113620,埼玉県皆野町,municipality,埼玉県,https://www.town.minano.saitama.jp/,town
113638,埼玉県長瀞町,municipality,埼玉県,https://www.town.nagatoro.saitama.jp/,town
113654,埼玉県小鹿野町,municipality,埼玉県,https://www.town.ogano.lg.jp/,town
113697,埼玉県東秩父村,municipality,埼玉県,https://www.vill.higashichichibu.saitama.jp/,village
113816,埼玉県美里町,municipality,埼玉県,https://www.town.saitama-misato.lg.jp/,town
113832,埼玉県神川町,municipality,埼玉県,https://www.town.kamikawa.saitama.jp/,town
113859,埼玉県上里町,municipality,埼玉県,https://www.town.kamisato.saitama.jp/,town
114081,埼玉県寄居町,municipality,埼玉県,https://www.town.yorii.saitama.jp/,town
114421,埼玉県宮代町,municipality,埼玉県,https://www.town.miyashiro.lg.jp/,town
114642,埼玉県杉戸町,municipality,埼玉県,https://www.town.sugito.lg.jp/,town
114651,埼玉県松伏町,municipality,埼玉県,https://www.town.matsubushi.lg.jp/,town
121002,千葉市,municipality,千葉県,https://www.city.chiba.jp/,designated_city
122025,銚子市,municipality,千葉県,https://www.city.choshi.chiba.jp/,city
122033,市川市,municipality,千葉県,https://www.city.ichikawa.lg.jp/,city
122041,船橋市,municipality,千葉県,https://www.city.funabashi.lg.jp/,core_city
122050,館山市,municipality,千葉県,https://www.city.tateyama.chiba.jp/,city
122068,木更津市,municipality,千葉県,https://www.city.kisarazu.lg.jp/,city
122076,松戸市,municipality,千葉県,https://www.city.matsudo.chiba.jp/,city
122084,野田市,municipality,千葉県,https://www.city.noda.chiba.jp/,city
122106,茂原市,municipality,千葉県,https://www.city.mobara.chiba.jp/,city
122114,成田市,municipality,千葉県,https://www.city.narita.chiba.jp/,city
122122,佐倉市,municipality,千葉県,https://www.city.sakura.lg.jp/,city
122131,東金市,municipality,千葉県,https://www.city.togane.chiba.jp/,city
122157,旭市,municipality,千葉県,https://www.city.asahi.lg.jp/,city
122165,習志野市,municipality,千葉県,https://www.city.narashino.lg.jp/,city
122173,柏市,municipality,千葉県,https://www.city.kashiwa.lg.jp/,core_city
122181,勝浦市,municipality,千葉県,https://www.city.katsuura.lg.jp/forms/top/top.aspx,city
122190,市原市,municipality,千葉県,https://www.city.ichihara.chiba.jp/,city
122203,流山市,municipality,千葉県,https://www.city.nagareyama.chiba.jp/,city
122211,八千代市,municipality,千葉県,https://www.city.yachiyo.chiba.jp/,city
122220,我孫子市,municipality,千葉県,https://www.city.abiko.chiba.jp/,city
122238,鴨川市,municipality,千葉県,https://www.city.kamogawa.lg.jp/,city
122246,鎌ケ谷市,municipality,千葉県,https://www.city.kamagaya.chiba.jp/,city
122254,君津市,municipality,千葉県,https://www.city.kimitsu.lg.jp/,city
122262,富津市,municipality,千葉県,https://www.city.futtsu.lg.jp/,city
122271,浦安市,municipality,千葉県,https://www.city.urayasu.lg.jp/,city
122289,四街道市,municipality,千葉県,https://www.city.yotsukaido.chiba.jp/,city
122297,袖ケ浦市,municipality,千葉県,https://www.city.sodegaura.lg.jp/,city
122301,八街市,municipality,千葉県,https://www.city.yachimata.lg.jp/,city
122319,印西市,municipality,千葉県,https://www.city.inzai.lg.jp/,city
122327,白井市,municipality,千葉県,https://www.city.shiroi.chiba.jp/,city
122335,富里市,municipality,千葉県,https://www.city.tomisato.lg.jp/,city
122343,南房総市,municipality,千葉県,https://www.city.minamiboso.chiba.jp/,city
122351,匝瑳市,municipality,千葉県,https://www.city.sosa.lg.jp/,city
122360,香取市,municipality,千葉県,https://www.city.katori.lg.jp/,city
122378,山武市,municipality,千葉県,https://www.city.sammu.lg.jp/,city
122386,いすみ市,municipality,千葉県,https://www.city.isumi.lg.jp/,city
122394,大網白里市,municipality,千葉県,https://www.city.oamishirasato.lg.jp/,city
123226,千葉県酒々井町,municipality,千葉県,https://www.town.shisui.chiba.jp/,town
123293,千葉県栄町,municipality,千葉県,https://www.town.sakae.chiba.jp/,town
123421,千葉県神崎町,municipality,千葉県,https://www.town.kozaki.chiba.jp/,town
123471,千葉県多古町,municipality,千葉県,https://www.town.tako.chiba.jp/,town
123498,千葉県東庄町,municipality,千葉県,https://www.town.tohnosho.chiba.jp/,town
124036,千葉県九十九里町,municipality,千葉県,https://www.town.kujukuri.chiba.jp/,town
124095,千葉県芝山町,municipality,千葉県,https://www.town.shibayama.lg.jp/,town
124109,千葉県横芝光町,municipality,千葉県,https://www.town.yokoshibahikari.chiba.jp/,town
124214,千葉県一宮町,municipality,千葉県,https://www.town.ichinomiya.chiba.jp/,town
124222,千葉県睦沢町,municipality,千葉県,https://www.town.mutsuzawa.chiba.jp/,town
124231,千葉県長生村,municipality,千葉県,https://www.vill.chosei.chiba.jp/,village
124249,千葉県白子町,municipality,千葉県,https://www.town.shirako.lg.jp/,town
124265,千葉県長柄町,municipality,千葉県,https://www.town.nagara.chiba.jp/,town
124273,千葉県長南町,municipality,千葉県,https://www.town.chonan.chiba.jp/,town
124419,千葉県大多喜町,municipality,千葉県,https://www.town.otaki.chiba.jp/,town
124435,千葉県御宿町,municipality,千葉県,https://www.town.onjuku.chiba.jp/,town
124630,千葉県鋸南町,municipality,千葉県,https://www.town.kyonan.chiba.jp/,town
131016,千代田区,municipality,東京都,https://www.city.chiyoda.lg.jp/,special_ward
131024,中央区,municipality,東京都,https://www.city.chuo.lg.jp/,special_ward
131032,港区,municipality,東京都,https://www.city.minato.tokyo.jp/,special_ward
131041,新宿区,municipality,東京都,https://www.city.shinjuku.lg.jp/,special_ward
131059,文京区,municipality,東京都,https://www.city.bunkyo.lg.jp/,special_ward
131067,台東区,municipality,東京都,https://www.city.taito.lg.jp/,special_ward
131075,墨田区,municipality,東京都,https://www.city.sumida.lg.jp/,special_ward
131083,江東区,municipality,東京都,https://www.city.koto.lg.jp/,special_ward
131091,品川区,municipality,東京都,https://www.city.shinagawa.tokyo.jp/,special_ward
131105,目黒区,municipality,東京都,https://www.city.meguro.tokyo.jp/,special_ward
131113,大田区,municipality,東京都,https://www.city.ota.tokyo.jp/,special_ward
131121,世田谷区,municipality,東京都,https://www.city.setagaya.lg.jp/index.html,special_ward
131130,渋谷区,municipality,東京都,https://www.city.shibuya.tokyo.jp/,special_ward
131148,中野区,municipality,東京都,https://www.city.tokyo-nakano.lg.jp/,special_ward
131156,杉並区,municipality,東京都,https://www.city.suginami.tokyo.jp/,special_ward
131164,豊島区,municipality,東京都,https://www.city.toshima.lg.jp/index.html,special_ward
131172,北区,municipality,東京都,https://www.city.kita.tokyo.jp/,special_ward
131181,荒川区,municipality,東京都,https://www.city.arakawa.tokyo.jp/,special_ward
131199,板橋区,municipality,東京都,https://www.city.itabashi.tokyo.jp/,special_ward
131202,練馬区,municipality,東京都,https://www.city.nerima.tokyo.jp/,special_ward
131211,足立区,municipality,東京都,https://www.city.adachi.tokyo.jp/,special_ward
131229,葛飾区,municipality,東京都,https://www.city.katsushika.lg.jp/,special_ward
131237,江戸川区,municipality,東京都,https://www.city.edogawa.tokyo.jp/,special_ward
132012,八王子市,municipality,東京都,https://www.city.hachioji.tokyo.jp/,core_city
132021,立川市,municipality,東京都,https://www.city.tachikawa.lg.jp/,city
132039,武蔵野市,municipality,東京都,https://www.city.musashino.lg.jp/,city
132047,三鷹市,municipality,東京都,https://www.city.mitaka.lg.jp/,city
132055,青梅市,municipality,東京都,https://www.city.ome.tokyo.jp/,city
132063,府中市,municipality,東京都,https://www.city.fuchu.tokyo.jp/,city
132071,昭島市,municipality,東京都,https://www.city.akishima.lg.jp/,city
132080,調布市,municipality,東京都,https://www.city.chofu.tokyo.jp/www/toppage/0000000000000/APM03000.html,city
132098,町田市,municipality,東京都,https://www.city.machida.tokyo.jp/,city
132101,小金井市,municipality,東京都,https://www.city.koganei.lg.jp/,city
132110,小平市,municipality,東京都,https://www.city.kodaira.tokyo.jp/,city
132128,日野市,municipality,東京都,https://www.city.hino.lg.jp/,city
132136,東村山市,municipality,東京都,https://www.city.higashimurayama.tokyo.jp/,city
132144,国分寺市,municipality,東京都,https://www.city.kokubunji.tokyo.jp/,city
132152,国立市,municipality,東京都,https://www.city.kunitachi.tokyo.jp/,city
132187,福生市,municipality,東京都,https://www.city.fussa.tokyo.jp/,city
132195,狛江市,municipality,東京都,https://www.city.komae.tokyo.jp/,city
132209,東大和市,municipality,東京都,https://www.city.higashiyamato.lg.jp/,city
132217,清瀬市,municipality,東京都,https://www.city.kiyose.lg.jp/,city
132225,東久留米市,municipality,東京都,https://www.city.higashikurume.lg.jp/,city
132233,武蔵村山市,municipality,東京都,https://www.city.musashimurayama.lg.jp/,city
132241,多摩市,municipality,東京都,https://www.city.tama.lg.jp/,city
132250,稲城市,municipality,東京都,https://www.city.inagi.tokyo.jp/,city
132276,羽村市,municipality,東京都,https://www.city.hamura.tokyo.jp/,city
132284,あきる野市,municipality,東京都,https://www.city.akiruno.tokyo.jp/,city
132292,西東京市,municipality,東京都,https://www.city.nishitokyo.lg.jp/,city
133035,東京都瑞穂町,municipality,東京都,https://www.town.mizuho.tokyo.jp/,town
133051,東京都日の出町,municipality,東京都,https://www.town.hinode.tokyo.jp/,town
133078,東京都檜原村,municipality,東京都,https://www.vill.hinohara.tokyo.jp/,village
133086,東京都奥多摩町,municipality,東京都,https://www.town.okutama.tokyo.jp/,town
133612,東京都大島町,municipality,東京都,https://www.town.oshima.tokyo.jp/,town
133621,東京都利島村,municipality,東京都,https://www.toshimamura.org/,village
133639,東京都新島村,municipality,東京都,https://www.niijima.com/,village
133647,東京都神津島村,municipality,東京都,https://vill.kouzushima.tokyo.jp/,village
133817,東京都三宅村,municipality,東京都,https://www.vill.miyake.tokyo.jp/,village
133825,東京都御蔵島村,municipality,東京都,https://www.vill.mikurasima.tokyo.jp/,village
134015,東京都八丈町,municipality,東京都,https://www.town.hachijo.tokyo.jp/,town
134023,東京都青ヶ島村,municipality,東京都,https://www.vill.aogashima.tokyo.jp/,village
134210,東京都小笠原村,municipality,東京都,https://www.vill.ogasawara.tokyo.jp/,village
141003,横浜市,municipality,神奈川県,https://www.city.yokohama.lg.jp/,designated_city
141305,川崎市,municipality,神奈川県,https://www.city.kawasaki.jp/,designated_city
141500,相模原市,municipality,神奈川県,https://www.city.sagamihara.kanagawa.jp/,designated_city
142018,横須賀市,municipality,神奈川県,https://www.city.yokosuka.kanagawa.jp/index.html,core_city
142034,平塚市,municipality,神奈川県,https://www.city.hiratsuka.kanagawa.jp/,city
142042,鎌倉市,municipality,神奈川県,https://www.city.kamakura.kanagawa.jp/,city
142051,藤沢市,municipality,神奈川県,https://www.city.fujisawa.kanagawa.jp/,city
142069,小田原市,municipality,神奈川県,https://www.city.odawara.kanagawa.jp/,city
142077,茅ヶ崎市,municipality,神奈川県,https://www.city.chigasaki.kanagawa.jp/,city
142085,逗子市,municipality,神奈川県,https://www.city.zushi.kanagawa.jp/,city
142107,三浦市,municipality,神奈川県,https://www.city.miura.kanagawa.jp/,city
142115,秦野市,municipality,神奈川県,https://www.city.hadano.kanagawa.jp/www/index.html,city
142123,厚木市,municipality,神奈川県,https://www.city.atsugi.kanagawa.jp/,city
142131,大和市,municipality,神奈川県,https://www.city.yamato.lg.jp/,city
142140,伊勢原市,municipality,神奈川県,https://www.city.isehara.kanagawa.jp/,city
142158,海老名市,municipality,神奈川県,https://www.city.ebina.kanagawa.jp/index.html,city
142166,座間市,municipality,神奈川県,https://www.city.zama.kanagawa.jp/www/toppage/0000000000000/APM03000.html,city
142174,南足柄市,municipality,神奈川県,https://www.city.minamiashigara.kanagawa.jp/,city
142182,綾瀬市,municipality,神奈川県,https://www.city.ayase.kanagawa.jp/,city
143014,神奈川県葉山町,municipality,神奈川県,https://www.town.hayama.lg.jp/,town
143219,神奈川県寒川町,municipality,神奈川県,https://www.town.samukawa.kanagawa.jp/,town
143413,神奈川県大磯町,municipality,神奈川県,https://www.town.oiso.kanagawa.jp/,town
143421,神奈川県二宮町,municipality,神奈川県,https://www.town.ninomiya.kanagawa.jp/,town
143618,神奈川県中井町,municipality,神奈川県,https://www.town.nakai.kanagawa.jp/forms/top/top.aspx,town
143626,神奈川県大井町,municipality,神奈川県,https://www.town.oi.kanagawa.jp/,town
143634,神奈川県松田町,municipality,神奈川県,https://town.matsuda.kanagawa.jp/,town
143642,神奈川県山北町,municipality,神奈川県,https://www.town.yamakita.kanagawa.jp/,town
143669,神奈川県開成町,municipality,神奈川県,https://www.town.kaisei.kanagawa.jp/forms/top/top.aspx,town
143821,神奈川県箱根町,municipality,神奈川県,https://www.town.hakone.kanagawa.jp/,town
143839,神奈川県真鶴町,municipality,神奈川県,https://www.town.manazuru.kanagawa.jp/,town
143847,神奈川県湯河原町,municipality,神奈川県,https://www.town.yugawara.kanagawa.jp/,town
144011,神奈川県愛川町,municipality,神奈川県,https://www.town.aikawa.kanagawa.jp/,town
144029,神奈川県清川村,municipality,神奈川県,https://www.town.kiyokawa.kanagawa.jp/,village
151009,新潟市,municipality,新潟県,https://www.city.niigata.lg.jp/,designated_city
152021,長岡市,municipality,新潟県,https://www.city.nagaoka.niigata.jp/,city
152048,三条市,municipality,新潟県,https://www.city.sanjo.niigata.jp/,city
152056,柏崎市,municipality,新潟県,https://www.city.kashiwazaki.lg.jp/,city
152064,新発田市,municipality,新潟県,https://www.city.shibata.lg.jp/,city
152081,小千谷市,municipality,新潟県,https://www.city.ojiya.niigata.jp/,city
152099,加茂市,municipality,新潟県,https://www.city.kamo.niigata.jp/,city
152102,十日町市,municipality,新潟県,https://www.city.tokamachi.lg.jp/,city
152111,見附市,municipality,新潟県,https://www.city.mitsuke.niigata.jp/,city
152129,村上市,municipality,新潟県,https://www.city.murakami.lg.jp/,city
152137,燕市,municipality,新潟県,https://www.city.tsubame.niigata.jp/,city
152161,糸魚川市,municipality,新潟県,https://www.city.itoigawa.lg.jp/,city
152170,妙高市,municipality,新潟県,https://www.city.myoko.niigata.jp/,city
152188,五泉市,municipality,新潟県,https://www.city.gosen.lg.jp/,city
152226,上越市,municipality,新潟県,https://www.city.joetsu.niigata.jp/,city
152234,阿賀野市,municipality,新潟県,https://www.city.agano.niigata.jp/,city
152242,佐渡市,municipality,新潟県,https://www.city.sado.niigata.jp/,city
152251,魚沼市,municipality,新潟県,https://www.city.uonuma.lg.jp/,city
152269,南魚沼市,municipality,新潟県,https://www.city.minamiuonuma.niigata.jp/,city
152277,胎内市,municipality,新潟県,https://www.city.tainai.niigata.jp/,city
153079,新潟県聖籠町,municipality,新潟県,https://www.town.seiro.niigata.jp/,town
153427,新潟県弥彦村,municipality,新潟県,https://www.vill.yahiko.niigata.jp/,village
153613,新潟県田上町,municipality,新潟県,https://www.town.tagami.niigata.jp/,town
153851,新潟県阿賀町,municipality,新潟県,https://www.town.aga.niigata.jp/,town
154059,新潟県出雲崎町,municipality,新潟県,https://www.town.izumozaki.niigata.jp/,town
154610,新潟県湯沢町,municipality,新潟県,https://www.town.yuzawa.lg.jp/,town
154822,新潟県津南町,municipality,新潟県,https://www.town.tsunan.niigata.jp/,town
155047,新潟県刈羽村,municipality,新潟県,https://www.vill.kariwa.niigata.jp/www/index.jsp,village
155811,新潟県関川村,municipality,新潟県,http://www.vill.sekikawa.niigata.jp/,village
155861,新潟県粟島浦村,municipality,新潟県,https://www.vill.awashimaura.lg.jp/,village
162019,富山市,municipality,富山県,https://www.city.toyama.toyama.jp/,core_city
162027,高岡市,municipality,富山県,https://www.city.takaoka.toyama.jp/,city
162043,魚津市,municipality,富山県,https://www.city.uozu.toyama.jp/,city
162051,氷見市,municipality,富山県,https://www.city.himi.toyama.jp/,city
162060,滑川市,municipality,富山県,https://www.city.namerikawa.toyama.jp/,city
162078,黒部市,municipality,富山県,https://www.city.kurobe.toyama.jp/,city
162086,砺波市,municipality,富山県,https://www.city.tonami.toyama.jp/,city
162094,小矢部市,municipality,富山県,https://www.city.oyabe.toyama.jp/,city
162108,南砺市,municipality,富山県,https://www.city.nanto.toyama.jp/cms-sypher/www/index.jsp,city
162116,射水市,municipality,富山県,https://www.city.imizu.toyama.jp/,city
163210,富山県舟橋村,municipality,富山県,https://www.vill.funahashi.toyama.jp/,village
163228,富山県上市町,municipality,富山県,https://www.town.kamiichi.toyama.jp/,town
163236,富山県立山町,municipality,富山県,https://www.town.tateyama.toyama.jp/pub/,town
163422,富山県入善町,municipality,富山県,https://www.town.nyuzen.toyama.jp/,town
163431,富山県朝日町,municipality,富山県,https://www.town.asahi.toyama.jp/,town
172014,金沢市,municipality,石川県,https://www4.city.kanazawa.lg.jp/index.html,core_city
172022,七尾市,municipality,石川県,https://www.city.nanao.lg.jp/,city
172031,小松市,municipality,石川県,https://www.city.komatsu.lg.jp/,city
172049,輪島市,municipality,石川県,https://www.city.wajima.ishikawa.jp/,city
172057,珠洲市,municipality,石川県,https://www.city.suzu.lg.jp/,city
172065,加賀市,municipality,石川県,https://www.city.kaga.ishikawa.jp/,city
172073,羽咋市,municipality,石川県,https://www.city.hakui.lg.jp/,city
172090,かほく市,municipality,石川県,https://www.city.kahoku.lg.jp/,city
172103,白山市,municipality,石川県,https://www.city.hakusan.lg.jp/,city
172111,能美市,municipality,石川県,https://www.city.nomi.ishikawa.jp/www/index.html,city
172120,野々市市,municipality,石川県,https://www.city.nonoichi.lg.jp/,city
173240,石川県川北町,municipality,石川県,https://www.town.kawakita.ishikawa.jp/,town
173614,石川県津幡町,municipality,石川県,https://www.town.tsubata.lg.jp/,town
173657,石川県内灘町,municipality,石川県,https://www.town.uchinada.lg.jp/webapps/www/index.jsp,town
173843,石川県志賀町,municipality,石川県,https://www.town.shika.lg.jp/,town
173860,石川県宝達志水町,municipality,石川県,https://www.hodatsushimizu.jp/,town
174076,石川県中能登町,municipality,石川県,https://www.town.nakanoto.ishikawa.jp/,town
174611,石川県穴水町,municipality,石川県,https://www.town.anamizu.lg.jp/,town
174637,石川県能登町,municipality,石川県,https://www.town.noto.lg.jp/www/total_top.jsp,town
182010,福井市,municipality,福井県,https://www.city.fukui.lg.jp/,core_city
182028,敦賀市,municipality,福井県,https://www.city.tsuruga.lg.jp/,city
182044,小浜市,municipality,福井県,https://www1.city.obama.fukui.jp/,city
182052,大野市,municipality,福井県,https://www.city.ono.fukui.jp/,city
182061,勝山市,municipality,福井県,https://www.city.katsuyama.fukui.jp/,city
182079,鯖江市,municipality,福井県,https://www.city.sabae.fukui.jp/,city
182087,あわら市,municipality,福井県,https://www.city.awara.lg.jp/,city
182095,越前市,municipality,福井県,https://www.city.echizen.lg.jp/,city
182109,坂井市,municipality,福井県,https://www.city.fukui-sakai.lg.jp/,city
183229,福井県永平寺町,municipality,福井県,https://www.town.eiheiji.lg.jp/,town
183822,福井県池田町,municipality,福井県,https://www.town.ikeda.fukui.jp/,town
184047,福井県南越前町,municipality,福井県,https://www.town.minamiechizen.lg.jp/,town
184233,福井県越前町,municipality,福井県,https://www.town.echizen.fukui.jp/index.html,town
184420,福井県美浜町,municipality,福井県,https://www.town.fukui-mihama.lg.jp/,town
184811,福井県高浜町,municipality,福井県,https://www.town.takahama.fukui.jp/,town
184837,福井県おおい町,municipality,福井県,https://www.town.ohi.fukui.jp/index.html,town
185019,福井県若狭町,municipality,福井県,https://www.town.fukui-wakasa.lg.jp/,town
192015,甲府市,municipality,山梨県,https://www.city.kofu.yamanashi.jp/,core_city
192023,富士吉田市,municipality,山梨県,https://www.city.fujiyoshida.yamanashi.jp/,city
192040,都留市,municipality,山梨県,https://www.city.tsuru.yamanashi.jp/,city
192058,山梨市,municipality,山梨県,https://www.city.yamanashi.yamanashi.jp/,city
192066,大月市,municipality,山梨県,https://www.city.otsuki.yamanashi.jp/,city
192074,韮崎市,municipality,山梨県,https://www.city.nirasaki.lg.jp/,city
192082,南アルプス市,municipality,山梨県,https://www.city.minami-alps.yamanashi.jp/,city
192091,北杜市,municipality,山梨県,https://www.city.hokuto.yamanashi.jp/,city
192104,甲斐市,municipality,山梨県,https://www.city.kai.yamanashi.jp/,city
192112,笛吹市,municipality,山梨県,https://www.city.fuefuki.yamanashi.jp/,city
192121,上野原市,municipality,山梨県,https://www.city.uenohara.yamanashi.jp/,city
192139,甲州市,municipality,山梨県,https://www.city.koshu.yamanashi.jp/,city
192147,中央市,municipality,山梨県,https://www.city.chuo.yamanashi.jp/,city
193461,山梨県市川三郷町,municipality,山梨県,https://www.town.ichikawamisato.yamanashi.jp/,town
193640,山梨県早川町,municipality,山梨県,https://www.town.hayakawa.yamanashi.jp/,town
193658,山梨県身延町,municipality,山梨県,https://www.town.minobu.lg.jp/,town
193666,山梨県南部町,municipality,山梨県,https://www.town.nanbu.yamanashi.jp/,town
193682,山梨県富士川町,municipality,山梨県,https://www.town.fujikawa.yamanashi.jp/,town
193844,山梨県昭和町,municipality,山梨県,https://www.town.showa.yamanashi.jp/,town
194221,山梨県道志村,municipality,山梨県,http://www.vill.doshi.lg.jp/,village
194239,山梨県西桂町,municipality,山梨県,https://www.town.nishikatsura.yamanashi.jp/forms/top/top.aspx,town
194247,山梨県忍野村,municipality,山梨県,https://www.vill.oshino.lg.jp/,village
194255,山梨県山中湖村,municipality,山梨県,https://www.vill.yamanakako.lg.jp/,village
194298,山梨県鳴沢村,municipality,山梨県,https://www.vill.narusawa.yamanashi.jp/forms/top/top.aspx,village
194301,山梨県富士河口湖町,municipality,山梨県,https://www.town.fujikawaguchiko.lg.jp/,town
194425,山梨県小菅村,municipality,山梨県,http://www.vill.kosuge.yamanashi.jp/,village
194433,山梨県丹波山村,municipality,山梨県,https://www.vill.tabayama.yamanashi.jp/,village
202011,長野市,municipality,長野県,https://www.city.nagano.nagano.jp/,core_city
202029,松本市,municipality,長野県,https://www.city.matsumoto.nagano.jp/,core_city
202037,上田市,municipality,長野県,https://www.city.ueda.nagano.jp/,city
202045,岡谷市,municipality,長野県,https://www.city.okaya.lg.jp/,city
202053,飯田市,municipality,長野県,https://www.city.iida.lg.jp/,city
202061,諏訪市,municipality,長野県,https://www.city.suwa.lg.jp/www/index.jsp,city
202070,須坂市,municipality,長野県,https://www.city.suzaka.nagano.jp/,city
202088,小諸市,municipality,長野県,https://www.city.komoro.lg.jp/,city
202096,伊那市,municipality,長野県,https://www.inacity.jp/,city
202100,駒ヶ根市,municipality,長野県,https://www.city.komagane.nagano.jp/,city
202118,中野市,municipality,長野県,https://www.city.nakano.nagano.jp/,city
202126,大町市,municipality,長野県,https://www.city.omachi.nagano.jp/,city
202134,飯山市,municipality,長野県,https://www.city.iiyama.nagano.jp/,city
202142,茅野市,municipality,長野県,https://www.city.chino.lg.jp/,city
202151,塩尻市,municipality,長野県,https://www.city.shiojiri.lg.jp/,city
202177,佐久市,municipality,長野県,https://www.city.saku.nagano.jp/,city
202185,千曲市,municipality,長野県,https://www.city.chikuma.lg.jp/,city
202193,東御市,municipality,長野県,https://www.city.tomi.nagano.jp/,city
202207,安曇野市,municipality,長野県,https://www.city.azumino.nagano.jp/,city
203033,長野県小海町,municipality,長野県,https://www.koumi-town.jp/,town
203041,長野県川上村,municipality,長野県,https://www.vill.kawakami.nagano.jp/www/index.html,village
203050,長野県南牧村,municipality,長野県,https://www.minamimakimura.jp/,village
203068,長野県南相木村,municipality,長野県,https://www.minamiaiki.jp/,village
203076,長野県北相木村,municipality,長野県,http://vill.kitaaiki.nagano.jp/,village
203092,長野県佐久穂町,municipality,長野県,https://www.town.sakuho.nagano.jp/,town
203211,長野県軽井沢町,municipality,長野県,https://www.town.karuizawa.lg.jp/www/index.html,town
203238,長野県御代田町,municipality,長野県,https://www.town.miyota.nagano.jp/,town
203246,長野県立科町,municipality,長野県,https://www.town.tateshina.nagano.jp/,town
203491,長野県青木村,municipality,長野県,https://www.vill.aoki.nagano.jp/,village
203505,長野県長和町,municipality,長野県,https://town.nagawa.nagano.jp/,town
203611,長野県下諏訪町,municipality,長野県,https://www.town.shimosuwa.lg.jp/www/index.html,town
203629,長野県富士見町,municipality,長野県,https://www.town.fujimi.lg.jp/,town
203637,長野県原村,municipality,長野県,https://www.vill.hara.lg.jp/,village
203823,長野県辰野町,municipality,長野県,https://www.town.tatsuno.lg.jp/index.html,town
203831,長野県箕輪町,municipality,長野県,https://www.town.minowa.lg.jp/,town
203840,長野県飯島町,municipality,長野県,https://www.town.iijima.lg.jp/,town
203858,長野県南箕輪村,municipality,長野県,https://www.vill.minamiminowa.lg.jp/,village
203866,長野県中川村,municipality,長野県,https://www.vill.nakagawa.nagano.jp/,village
203882,長野県宮田村,municipality,長野県,https://www.vill.miyada.nagano.jp/?,village
204021,長野県松川町,municipality,長野県,https://www.town.matsukawa.lg.jp/,town
204030,長野県高森町,municipality,長野県,https://www.town.nagano-takamori.lg.jp/,town
204048,長野県阿南町,municipality,長野県,http://www.town.anan.nagano.jp/,town
204072,長野県阿智村,municipality,長野県,https://www.vill.achi.lg.jp/,village
204099,長野県平谷村,municipality,長野県,https://hirayamura.jp/,village
204102,長野県根羽村,municipality,長野県,https://nebamura.jp/,village
204111,長野県下條村,municipality,長野県,https://www.vill-shimojo.jp/,village
204129,長野県売木村,municipality,長野県,https://www.urugi.jp/,village
204137,長野県天龍村,municipality,長野県,https://www.vill-tenryu.jp/,village
204145,長野県泰阜村,municipality,長野県,https://vill.yasuoka.nagano.jp/,village
204153,長野県喬木村,municipality,長野県,https://www.vill.takagi.lg.jp/,village
204161,長野県豊丘村,municipality,長野県,https://www.vill.nagano-toyooka.lg.jp/,village
204170,長野県大鹿村,municipality,長野県,https://www.vill.ooshika.nagano.jp/,village
204226,長野県上松町,municipality,長野県,https://www.town.agematsu.nagano.jp/,town
204234,長野県南木曽町,municipality,長野県,https://www.town.nagiso.nagano.jp/,town
204251,長野県木祖村,municipality,長野県,https://www.vill.kiso.nagano.jp/,village
204293,長野県王滝村,municipality,長野県,https://www.vill.otaki.nagano.jp/,village
204307,長野県大桑村,municipality,長野県,https://www.vill.okuwa.lg.jp/,village
204323,長野県木曽町,municipality,長野県,https://www.town-kiso.com/,town
204463,長野県麻績村,municipality,長野県,https://www.vill.omi.nagano.jp/,village
204480,長野県生坂村,municipality,長野県,https://www.village.ikusaka.nagano.jp/,village
204501,長野県山形村,municipality,長野県,https://www.vill.yamagata.nagano.jp/index.html,village
204510,長野県朝日村,municipality,長野県,https://www.vill.asahi.nagano.jp/,village
204528,長野県筑北村,municipality,長野県,https://www.vill.chikuhoku.lg.jp/,village
204811,長野県池田町,municipality,長野県,https://www.ikedamachi.net/,town
204820,長野県松川村,municipality,長野県,https://www.vill.matsukawa.nagano.jp/,village
204854,長野県白馬村,municipality,長野県,https://www.vill.hakuba.nagano.jp/,village
204862,長野県小谷村,municipality,長野県,https://www.vill.otari.nagano.jp/www/menu.html,village
205214,長野県坂城町,municipality,長野県,https://www.town.sakaki.nagano.jp/www/index.html,town
205419,長野県小布施町,municipality,長野県,https://www.town.obuse.nagano.jp/,town
205435,長野県高山村,municipality,長野県,https://www.vill.takayama.nagano.jp/,village
205613,長野県山ノ内町,municipality,長野県,https://www.town.yamanouchi.nagano.jp/,town
205621,長野県木島平村,municipality,長野県,https://www.vill.kijimadaira.lg.jp/,village
205630,長野県野沢温泉村,municipality,長野県,https://www.vill.nozawaonsen.nagano.jp/,village
205834,長野県信濃町,municipality,長野県,https://www.town.shinano.lg.jp/,town
205885,長野県小川村,municipality,長野県,https://www.vill.ogawa.nagano.jp/,village
205907,長野県飯綱町,municipality,長野県,https://www.town.iizuna.nagano.jp/,town
206024,長野県栄村,municipality,長野県,http://www.vill.sakae.nagano.jp/,village
212016,岐阜市,municipality,岐阜県,https://www.city.gifu.lg.jp/,core_city
212024,大垣市,municipality,岐阜県,https://www.city.ogaki.lg.jp/,city
212032,高山市,municipality,岐阜県,https://www.city.takayama.lg.jp/,city
212041,多治見市,municipality,岐阜県,https://www.city.tajimi.lg.jp/,city
212059,関市,municipality,岐阜県,https://www.city.seki.lg.jp/,city
212067,中津川市,municipality,岐阜県,https://www.city.nakatsugawa.lg.jp/,city
212075,美濃市,municipality,岐阜県,https://www.city.mino.gifu.jp/,city
212083,瑞浪市,municipality,岐阜県,https://www.city.mizunami.lg.jp/,city
212091,羽島市,municipality,岐阜県,https://www.city.hashima.lg.jp/,city
212105,恵那市,municipality,岐阜県,https://www.city.ena.lg.jp/,city
212113,美濃加茂市,municipality,岐阜県,https://www.city.minokamo.gifu.jp/shimin/,city
212121,土岐市,municipality,岐阜県,https://www.city.toki.lg.jp/,city
212130,各務原市,municipality,岐阜県,https://www.city.kakamigahara.lg.jp/,city
212148,可児市,municipality,岐阜県,https://www.city.kani.lg.jp/,city
212156,山県市,municipality,岐阜県,https://www.city.yamagata.gifu.jp/,city
212164,瑞穂市,municipality,岐阜県,https://www.city.mizuho.lg.jp/,city
212172,飛騨市,municipality,岐阜県,https://www.city.hida.gifu.jp/,city
212181,本巣市,municipality,岐阜県,https://www.city.motosu.lg.jp/,city
212199,郡上市,municipality,岐阜県,https://www.city.gujo.gifu.jp/,city
212202,下呂市,municipality,岐阜県,https://www.city.gero.lg.jp/,city
212211,海津市,municipality,岐阜県,https://www.city.kaizu.lg.jp/,city
213021,岐阜県岐南町,municipality,岐阜県,https://www.town.ginan.lg.jp/,town
213039,岐阜県笠松町,municipality,岐阜県,https://www.town.kasamatsu.gifu.jp/,town
213411,岐阜県養老町,municipality,岐阜県,https://www.town.yoro.gifu.jp/,town
213616,岐阜県垂井町,municipality,岐阜県,https://www.town.tarui.lg.jp/,town
213624,岐阜県関ケ原町,municipality,岐阜県,https://www.town.sekigahara.gifu.jp/,town
213811,岐阜県神戸町,municipality,岐阜県,https://www.town.godo.gifu.jp/,town
213829,岐阜県輪之内町,municipality,岐阜県,https://town.wanouchi.gifu.jp/,town
213837,岐阜県安八町,municipality,岐阜県,https://www.town.anpachi.lg.jp/,town
214019,岐阜県揖斐川町,municipality,岐阜県,https://www.town.ibigawa.lg.jp/,town
214035,岐阜県大野町,municipality,岐阜県,https://www.town-ono.jp/,town
214043,岐阜県池田町,municipality,岐阜県,https://www.town.gifu-ikeda.lg.jp/,town
214213,岐阜県北方町,municipality,岐阜県,https://www.town.kitagata.gifu.jp/,town
215015,岐阜県坂祝町,municipality,岐阜県,https://www.town.sakahogi.gifu.jp/,town
215023,岐阜県富加町,municipality,岐阜県,https://www.town.tomika.gifu.jp/,town
215031,岐阜県川辺町,municipality,岐阜県,https://www.kawabe-gifu.jp/,town
215040,岐阜県七宗町,municipality,岐阜県,https://www.hichiso.jp/,town
215058,岐阜県八百津町,municipality,岐阜県,https://www.town.yaotsu.lg.jp/,town
215066,岐阜県白川町,municipality,岐阜県,https://www.vill.shirakawa.lg.jp/,town
215074,岐阜県東白川村,municipality,岐阜県,https://www.vill.higashishirakawa.gifu.jp/,village
215210,岐阜県御嵩町,municipality,岐阜県,https://www.town.mitake.lg.jp/,town
216046,岐阜県白川村,municipality,岐阜県,https://shirakawa-go.org/,village
221007,静岡市,municipality,静岡県,https://www.city.shizuoka.lg.jp/,designated_city
221309,浜松市,municipality,静岡県,https://www.city.hamamatsu.shizuoka.jp/,designated_city
222038,沼津市,municipality,静岡県,https://www.city.numazu.shizuoka.jp/,city
222054,熱海市,municipality,静岡県,https://www.city.atami.lg.jp/,city
222062,三島市,municipality,静岡県,https://www.city.mishima.shizuoka.jp/,city
222071,富士宮市,municipality,静岡県,https://www.city.fujinomiya.lg.jp/,city
222089,伊東市,municipality,静岡県,https://www.city.ito.shizuoka.jp/,city
222097,島田市,municipality,静岡県,https://www.city.shimada.shizuoka.jp/,city
222101,富士市,municipality,静岡県,https://www.city.fuji.shizuoka.jp/,city
222119,磐田市,municipality,静岡県,https://www.city.iwata.shizuoka.jp/,city
222127,焼津市,municipality,静岡県,https://www.city.yaizu.lg.jp/,city
222135,掛川市,municipality,静岡県,https://www.city.kakegawa.shizuoka.jp/,city
222143,藤枝市,municipality,静岡県,https://www.city.fujieda.shizuoka.jp/,city
222151,御殿場市,municipality,静岡県,https://www.city.gotemba.lg.jp/,city
222160,袋井市,municipality,静岡県,https://www.city.fukuroi.shizuoka.jp/,city
222194,下田市,municipality,静岡県,https://www.city.shimoda.shizuoka.jp/,city
222208,裾野市,municipality,静岡県,https://www.city.susono.shizuoka.jp/,city
222216,湖西市,municipality,静岡県,https://www.city.kosai.shizuoka.jp/,city
222224,伊豆市,municipality,静岡県,https://www.city.izu.shizuoka.jp/,city
222232,御前崎市,municipality,静岡県,https://www.city.omaezaki.shizuoka.jp/,city
222241,菊川市,municipality,静岡県,https://www.city.kikugawa.shizuoka.jp/,city
222259,伊豆の国市,municipality,静岡県,https://www.city.izunokuni.shizuoka.jp/,city
222267,牧之原市,municipality,静岡県,https://www.city.makinohara.shizuoka.jp/,city
223018,静岡県東伊豆町,municipality,静岡県,https://www.town.higashiizu.lg.jp/,town
223026,静岡県河津町,municipality,静岡県,https://www.town.kawazu.shizuoka.jp/,town
223042,静岡県南伊豆町,municipality,静岡県,https://www.town.minamiizu.shizuoka.jp/,town
223051,静岡県松崎町,municipality,静岡県,https://www.town.matsuzaki.shizuoka.jp/,town
223069,静岡県西伊豆町,municipality,静岡県,https://www.town.nishiizu.shizuoka.jp/,town
223255,静岡県函南町,municipality,静岡県,https://www.town.kannami.shizuoka.jp/,town
223417,静岡県清水町,municipality,静岡県,https://www.town.shimizu.shizuoka.jp/,town
223425,静岡県長泉町,municipality,静岡県,https://www.town.nagaizumi.lg.jp/,town
223441,静岡県小山町,municipality,静岡県,https://www.fuji-oyama.jp/index.html,town
224243,静岡県吉田町,municipality,静岡県,https://www.town.yoshida.shizuoka.jp/,town
224294,静岡県川根本町,municipality,静岡県,https://www.town.kawanehon.shizuoka.jp/,town
224618,静岡県森町,municipality,静岡県,https://www.town.morimachi.shizuoka.jp/,town
231002,名古屋市,municipality,愛知県,https://www.city.nagoya.jp/,designated_city
232017,豊橋市,municipality,愛知県,https://www.city.toyohashi.lg.jp/,core_city
232025,岡崎市,municipality,愛知県,https://www.city.okazaki.lg.jp/index.html,core_city
232033,一宮市,municipality,愛知県,https://www.city.ichinomiya.aichi.jp/,core_city
232041,瀬戸市,municipality,愛知県,https://www.city.seto.aichi.jp/,city
232050,半田市,municipality,愛知県,https://www.city.handa.lg.jp/,city
232068,春日井市,municipality,愛知県,https://www.city.kasugai.lg.jp/,city
232076,豊川市,municipality,愛知県,https://www.city.toyokawa.lg.jp/,city
232084,津島市,municipality,愛知県,https://www.city.tsushima.lg.jp/,city
232092,碧南市,municipality,愛知県,https://www.city.hekinan.lg.jp/,city
232106,刈谷市,municipality,愛知県,https://www.city.kariya.lg.jp/,city
232114,豊田市,municipality,愛知県,https://www.city.toyota.aichi.jp/,core_city
232122,安城市,municipality,愛知県,https://www.city.anjo.aichi.jp/,city
232131,西尾市,municipality,愛知県,https://www.city.nishio.aichi.jp/,city
232149,蒲郡市,municipality,愛知県,https://www.city.gamagori.lg.jp/,city
232157,犬山市,municipality,愛知県,https://www.city.inuyama.aichi.jp/,city
232165,常滑市,municipality,愛知県,https://www.city.tokoname.aichi.jp/,city
232173,江南市,municipality,愛知県,https://www.city.konan.lg.jp/,city
232190,小牧市,municipality,愛知県,https://www.city.komaki.aichi.jp/,city
232203,稲沢市,municipality,愛知県,https://www.city.inazawa.aichi.jp/,city
232211,新城市,municipality,愛知県,https://www.city.shinshiro.lg.jp/,city
232220,東海市,municipality,愛知県,https://www.city.tokai.aichi.jp/,city
232238,大府市,municipality,愛知県,https://www.city.obu.aichi.jp/,city
232246,知多市,municipality,愛知県,https://www.city.chita.lg.jp/,city
232254,知立市,municipality,愛知県,https://www.city.chiryu.aichi.jp/,city
232262,尾張旭市,municipality,愛知県,https://www.city.owariasahi.lg.jp/,city
232271,高浜市,municipality,愛知県,https://www.city.takahama.lg.jp/,city
232289,岩倉市,municipality,愛知県,https://www.city.iwakura.aichi.jp/,city
232297,豊明市,municipality,愛知県,https://www.city.toyoake.lg.jp/,city
232301,日進市,municipality,愛知県,https://www.city.nisshin.lg.jp/,city
232319,田原市,municipality,愛知県,https://www.city.tahara.aichi.jp/,city
232327,愛西市,municipality,愛知県,https://www.city.aisai.lg.jp/,city
232335,清須市,municipality,愛知県,https://www.city.kiyosu.aichi.jp/,city
232343,北名古屋市,municipality,愛知県,https://www.city.kitanagoya.lg.jp/,city
232351,弥富市,municipality,愛知県,https://www.city.yatomi.lg.jp/,city
232360,みよし市,municipality,愛知県,https://www.city.aichi-miyoshi.lg.jp/,city
232378,あま市,municipality,愛知県,https://www.city.ama.aichi.jp/,city
232386,長久手市,municipality,愛知県,https://www.city.nagakute.lg.jp/index.html,city
233021,愛知県東郷町,municipality,愛知県,https://www.town.aichi-togo.lg.jp/,town
233421,愛知県豊山町,municipality,愛知県,https://www.town.toyoyama.lg.jp/,town
233617,愛知県大口町,municipality,愛知県,https://www.town.oguchi.lg.jp/,town
233625,愛知県扶桑町,municipality,愛知県,https://www.town.fuso.lg.jp/,town
234249,愛知県大治町,municipality,愛知県,https://www.town.oharu.aichi.jp/,town
234257,愛知県蟹江町,municipality,愛知県,https://www.town.kanie.aichi.jp/,town
234273,愛知県飛島村,municipality,愛知県,https://www.vill.tobishima.aichi.jp/,village
234419,愛知県阿久比町,municipality,愛知県,https://www.town.agui.lg.jp/,town
234427,愛知県東浦町,municipality,愛知県,https://www.town.aichi-higashiura.lg.jp/,town
234451,愛知県南知多町,municipality,愛知県,https://www.town.minamichita.lg.jp/,town
234460,愛知県美浜町,municipality,愛知県,https://www.town.aichi-mihama.lg.jp/,town
234478,愛知県武豊町,municipality,愛知県,https://www.town.taketoyo.lg.jp/,town
235016,愛知県幸田町,municipality,愛知県,https://www.town.kota.lg.jp/,town
235610,愛知県設楽町,municipality,愛知県,https://www.town.shitara.lg.jp/,town
235628,愛知県東栄町,municipality,愛知県,https://www.town.toei.aichi.jp/,town
235636,愛知県豊根村,municipality,愛知県,https://www.vill.toyone.aichi.jp/,village
242012,津市,municipality,三重県,https://www.info.city.tsu.mie.jp/,city
242021,四日市市,municipality,三重県,https://www.city.yokkaichi.lg.jp/,city
242039,伊勢市,municipality,三重県,https://www.city.ise.mie.jp/,city
242047,松阪市,municipality,三重県,https://www.city.matsusaka.mie.jp/,city
242055,桑名市,municipality,三重県,https://www.city.kuwana.lg.jp/,city
242071,鈴鹿市,municipality,三重県,https://www.city.suzuka.lg.jp/,city
242080,名張市,municipality,三重県,https://www.city.nabari.lg.jp/,city
242098,尾鷲市,municipality,三重県,https://www.city.owase.lg.jp/public/sougou_top/index_sou.html,city
242101,亀山市,municipality,三重県,https://www.city.kameyama.mie.jp/,city
242110,鳥羽市,municipality,三重県,https://www.city.toba.mie.jp/,city
242128,熊野市,municipality,三重県,https://www.city.kumano.lg.jp/,city
242144,いなべ市,municipality,三重県,https://www.city.inabe.mie.jp/,city
242152,志摩市,municipality,三重県,https://www.city.shima.mie.jp/,city
242161,伊賀市,municipality,三重県,https://www.city.iga.lg.jp/,city
243035,三重県木曽岬町,municipality,三重県,https://www.town.kisosaki.lg.jp/,town
243248,三重県東員町,municipality,三重県,https://www.town.toin.lg.jp/,town
243418,三重県菰野町,municipality,三重県,https://www2.town.komono.mie.jp/www/index.html,town
243434,三重県朝日町,municipality,三重県,https://www2.town.asahi.mie.jp/www/index.html,town
243442,三重県川越町,municipality,三重県,https://www.town.kawagoe.mie.jp/,town
244414,三重県多気町,municipality,三重県,https://www.town.taki.mie.jp/,town
244422,三重県明和町,municipality,三重県,https://www.town.meiwa.mie.jp/,town
244431,三重県大台町,municipality,三重県,https://www.odaitown.jp/,town
244619,三重県玉城町,municipality,三重県,https://kizuna.town.tamaki.mie.jp/,town
244708,三重県度会町,municipality,三重県,https://www.town.watarai.lg.jp/,town
244716,三重県大紀町,municipality,三重県,https://www.town.taiki.mie.jp/,town
244724,三重県南伊勢町,municipality,三重県,https://www.town.minamiise.lg.jp/,town
245437,三重県紀北町,municipality,三重県,https://www.town.mie-kihoku.lg.jp/,town
245615,三重県御浜町,municipality,三重県,https://www.town.mihama.mie.jp/,town
245623,三重県紀宝町,municipality,三重県,https://www.town.kiho.lg.jp/,town
252018,大津市,municipality,滋賀県,https://www.city.otsu.lg.jp/,core_city
252026,彦根市,municipality,滋賀県,https://www.city.hikone.lg.jp/,city
252034,長浜市,municipality,滋賀県,https://www.city.nagahama.lg.jp/,city
252042,近江八幡市,municipality,滋賀県,https://www.city.omihachiman.lg.jp/,city
252069,草津市,municipality,滋賀県,https://www.city.kusatsu.shiga.jp/,city
252077,守山市,municipality,滋賀県,https://www.city.moriyama.lg.jp/,city
252085,栗東市,municipality,滋賀県,https://www.city.ritto.lg.jp/,city
252093,甲賀市,municipality,滋賀県,https://www.city.koka.lg.jp/,city
252107,野洲市,municipality,滋賀県,https://www.city.yasu.lg.jp/,city
252115,湖南市,municipality,滋賀県,https://www.city.shiga-konan.lg.jp/,city
252123,高島市,municipality,滋賀県,https://www.city.takashima.lg.jp/www/toppage/0000000000000/APM03000.html,city
252131,東近江市,municipality,滋賀県,https://www.city.higashiomi.shiga.jp/,city
252140,米原市,municipality,滋賀県,https://www.city.maibara.lg.jp/,city
253839,滋賀県日野町,municipality,滋賀県,https://www.town.shiga-hino.lg.jp/,town
253847,滋賀県竜王町,municipality,滋賀県,https://www.town.ryuoh.shiga.jp/,town
254258,滋賀県愛荘町,municipality,滋賀県,https://www.town.aisho.shiga.jp/,town
254410,滋賀県豊郷町,municipality,滋賀県,https://www.town.toyosato.shiga.jp/,town
254428,滋賀県甲良町,municipality,滋賀県,https://www.kouratown.jp/,town
254436,滋賀県多賀町,municipality,滋賀県,https://www.town.taga.lg.jp/,town
261009,京都市,municipality,京都府,https://www.city.kyoto.lg.jp/,designated_city
262013,福知山市,municipality,京都府,https://www.city.fukuchiyama.lg.jp/,city
262021,舞鶴市,municipality,京都府,https://www.city.maizuru.kyoto.jp/,city
262030,綾部市,municipality,京都府,https://www.city.ayabe.lg.jp/,city
262048,宇治市,municipality,京都府,https://www.city.uji.kyoto.jp/,city
262056,宮津市,municipality,京都府,https://www.city.miyazu.kyoto.jp/www/normal_top.jsp,city
262064,亀岡市,municipality,京都府,https://www.city.kameoka.kyoto.jp/,city
262072,城陽市,municipality,京都府,https://www.city.joyo.kyoto.jp/,city
262081,向日市,municipality,京都府,https://www.city.muko.kyoto.jp/,city
262099,長岡京市,municipality,京都府,https://www.city.nagaokakyo.lg.jp/,city
262102,八幡市,municipality,京都府,https://www.city.yawata.kyoto.jp/,city
262111,京田辺市,municipality,京都府,https://www.city.kyotanabe.lg.jp/,city
262129,京丹後市,municipality,京都府,https://www.city.kyotango.lg.jp/,city
262137,南丹市,municipality,京都府,https://www.city.nantan.kyoto.jp/www/,city
262145,木津川市,municipality,京都府,https://www.city.kizugawa.lg.jp/,city
263036,京都府大山崎町,municipality,京都府,https://www.town.oyamazaki.kyoto.jp/,town
263222,京都府久御山町,municipality,京都府,https://www.town.kumiyama.lg.jp/,town
263435,京都府井手町,municipality,京都府,https://www.town.ide.kyoto.jp/,town
263443,京都府宇治田原町,municipality,京都府,https://www.town.ujitawara.kyoto.jp/,town
263648,京都府笠置町,municipality,京都府,https://www.town.kasagi.lg.jp/,town
263656,京都府和束町,municipality,京都府,https://www.town.wazuka.lg.jp/index.html,town
263664,京都府精華町,municipality,京都府,https://www.town.seika.kyoto.jp/,town
263672,京都府南山城村,municipality,京都府,https://www.vill.minamiyamashiro.lg.jp/,village
264075,京都府京丹波町,municipality,京都府,https://www.town.kyotamba.kyoto.jp/,town
264636,京都府伊根町,municipality,京都府,https://www.town.ine.kyoto.jp/,town
264652,京都府与謝野町,municipality,京都府,https://www.town.yosano.lg.jp/,town
271004,大阪市,municipality,大阪府,https://www.city.osaka.lg.jp/,designated_city
271403,堺市,municipality,大阪府,https://www.city.sakai.lg.jp/,designated_city
272027,岸和田市,municipality,大阪府,https://www.city.kishiwada.lg.jp/,city
272035,豊中市,municipality,大阪府,https://www.city.toyonaka.osaka.jp/,core_city
272043,池田市,municipality,大阪府,https://www.city.ikeda.osaka.jp/,city
272051,吹田市,municipality,大阪府,https://www.city.suita.osaka.jp/,core_city
272060,泉大津市,municipality,大阪府,https://www.city.izumiotsu.lg.jp/,city
272078,高槻市,municipality,大阪府,https://www.city.takatsuki.osaka.jp/,core_city
272086,貝塚市,municipality,大阪府,https://www.city.kaizuka.lg.jp/,city
272094,守口市,municipality,大阪府,https://www.city.moriguchi.osaka.jp/,city
272108,枚方市,municipality,大阪府,https://www.city.hirakata.osaka.jp/,core_city
272116,茨木市,municipality,大阪府,https://www.city.ibaraki.osaka.jp/,city
272124,八尾市,municipality,大阪府,https://www.city.yao.osaka.jp/,core_city
272132,泉佐野市,municipality,大阪府,https://www.city.izumisano.lg.jp/,city
272141,富田林市,municipality,大阪府,https://www.city.tondabayashi.lg.jp/,city
272159,寝屋川市,municipality,大阪府,https://www.city.neyagawa.osaka.jp/,core_city
272167,河内長野市,municipality,大阪府,https://www.city.kawachinagano.lg.jp/,city
272175,松原市,municipality,大阪府,https://www.city.matsubara.lg.jp/,city
272183,大東市,municipality,大阪府,https://www.city.daito.lg.jp/,city
272191,和泉市,municipality,大阪府,https://www.city.osaka-izumi.lg.jp/,city
272205,箕面市,municipality,大阪府,https://www.city.minoh.lg.jp/,city
272213,柏原市,municipality,大阪府,https://www.city.kashiwara.lg.jp/,city
272221,羽曳野市,municipality,大阪府,https://www.city.habikino.lg.jp/,city
272230,門真市,municipality,大阪府,https://www.city.kadoma.osaka.jp/,city
272248,摂津市,municipality,大阪府,https://www.city.settsu.osaka.jp/,city
272256,高石市,municipality,大阪府,https://www.city.takaishi.lg.jp/,city
272264,藤井寺市,municipality,大阪府,https://www.city.fujiidera.lg.jp/,city
272272,東大阪市,municipality,大阪府,https://www.city.higashiosaka.lg.jp/,core_city
272281,泉南市,municipality,大阪府,https://www.city.sennan.lg.jp/,city
272299,四條畷市,municipality,大阪府,https://www.city.shijonawate.lg.jp/,city
272302,交野市,municipality,大阪府,https://www.city.katano.osaka.jp/,city
272311,大阪狭山市,municipality,大阪府,https://www.city.osakasayama.osaka.jp/,city
272329,阪南市,municipality,大阪府,https://www.city.hannan.lg.jp/,city
273015,大阪府島本町,municipality,大阪府,https://www.town.shimamoto.lg.jp/,town
273210,大阪府豊能町,municipality,大阪府,https://www.town.toyono.osaka.jp/,town
273228,大阪府能勢町,municipality,大阪府,https://www.town.nose.osaka.jp/,town
273414,大阪府忠岡町,municipality,大阪府,https://www.town.tadaoka.osaka.jp/,town
273619,大阪府熊取町,municipality,大阪府,https://www.town.kumatori.lg.jp/,town
273627,大阪府田尻町,municipality,大阪府,https://www.town.tajiri.osaka.jp/,town
273660,大阪府岬町,municipality,大阪府,https://www.town.misaki.osaka.jp/,town
273813,大阪府太子町,municipality,大阪府,https://www.town.taishi.osaka.jp/,town
273821,大阪府河南町,municipality,大阪府,https://www.town.kanan.osaka.jp/,town
273830,大阪府千早赤阪村,municipality,大阪府,https://www.vill.chihayaakasaka.osaka.jp/,village
281000,神戸市,municipality,兵庫県,https://www.city.kobe.lg.jp/,designated_city
282014,姫路市,municipality,兵庫県,https://www.city.himeji.lg.jp/,core_city
282022,尼崎市,municipality,兵庫県,https://www.city.amagasaki.hyogo.jp/,core_city
282031,明石市,municipality,兵庫県,https://www.city.akashi.lg.jp/,core_city
282049,西宮市,municipality,兵庫県,https://www.nishi.or.jp/,core_city
282057,洲本市,municipality,兵庫県,https://www.city.sumoto.lg.jp/,city
282065,芦屋市,municipality,兵庫県,https://www.city.ashiya.lg.jp/,city
282073,伊丹市,municipality,兵庫県,https://www.city.itami.lg.jp/,city
282081,相生市,municipality,兵庫県,https://www.city.aioi.lg.jp/,city
282090,豊岡市,municipality,兵庫県,https://www.city.toyooka.lg.jp/,city
282103,加古川市,municipality,兵庫県,https://www.city.kakogawa.lg.jp/,city
282120,赤穂市,municipality,兵庫県,https://www.city.ako.lg.jp/,city
282138,西脇市,municipality,兵庫県,https://www.city.nishiwaki.lg.jp/,city
282146,宝塚市,municipality,兵庫県,https://www.city.takarazuka.hyogo.jp/,city
282154,三木市,municipality,兵庫県,https://www.city.miki.lg.jp/,city
282162,高砂市,municipality,兵庫県,https://www.city.takasago.lg.jp/,city
282171,川西市,municipality,兵庫県,https://www.city.kawanishi.hyogo.jp/,city
282189,小野市,municipality,兵庫県,https://www.city.ono.hyogo.jp/,city
282197,三田市,municipality,兵庫県,https://www.city.sanda.lg.jp/,city
282201,加西市,municipality,兵庫県,https://www.city.kasai.hyogo.jp/,city
282219,丹波篠山市,municipality,兵庫県,https://www.city.tambasasayama.lg.jp/,city
282227,養父市,municipality,兵庫県,https://www.city.yabu.hyogo.jp/,city
282235,丹波市,municipality,兵庫県,https://www.city.tamba.lg.jp/,city
282243,南あわじ市,municipality,兵庫県,https://www.city.minamiawaji.hyogo.jp/,city
282251,朝来市,municipality,兵庫県,https://www.city.asago.hyogo.jp/,city
282260,淡路市,municipality,兵庫県,https://www.city.awaji.lg.jp/,city
282278,宍粟市,municipality,兵庫県,https://www.city.shiso.lg.jp/,city
282286,加東市,municipality,兵庫県,https://www.city.kato.lg.jp/,city
282294,たつの市,municipality,兵庫県,https://www.city.tatsuno.lg.jp/,city
283011,兵庫県猪名川町,municipality,兵庫県,https://www.town.inagawa.lg.jp/,town
283657,兵庫県多可町,municipality,兵庫県,https://www.town.taka.lg.jp/,town
283819,兵庫県稲美町,municipality,兵庫県,https://www.town.hyogo-inami.lg.jp/,town
283827,兵庫県播磨町,municipality,兵庫県,https://www.town.harima.lg.jp/,town
284424,兵庫県市川町,municipality,兵庫県,https://www.town.ichikawa.lg.jp/,town
284432,兵庫県福崎町,municipality,兵庫県,https://www.town.fukusaki.hyogo.jp/,town
284467,兵庫県神河町,municipality,兵庫県,https://www.town.kamikawa.hyogo.jp/index.html,town
284645,兵庫県太子町,municipality,兵庫県,https://www.town.hyogo-taishi.lg.jp/,town
284815,兵庫県上郡町,municipality,兵庫県,https://www.town.kamigori.hyogo.jp/cms-sypher/www/index.jsp,town
285013,兵庫県佐用町,municipality,兵庫県,https://www.town.sayo.lg.jp/cms-sypher/www/normal_top.jsp,town
285854,兵庫県香美町,municipality,兵庫県,https://www.town.mikata-kami.lg.jp/www/index.html,town
285862,兵庫県新温泉町,municipality,兵庫県,https://www.town.shinonsen.hyogo.jp/,town
292010,奈良市,municipality,奈良県,https://www.city.nara.lg.jp/,core_city
292028,大和高田市,municipality,奈良県,https://www.city.yamatotakada.nara.jp/,city
292036,大和郡山市,municipality,奈良県,https://www.city.yamatokoriyama.lg.jp/,city
292044,天理市,municipality,奈良県,https://www.city.tenri.nara.jp/,city
292052,橿原市,municipality,奈良県,https://www.city.kashihara.nara.jp/,city
292061,桜井市,municipality,奈良県,https://www.city.sakurai.lg.jp/,city
292079,五條市,municipality,奈良県,https://www.city.gojo.lg.jp/,city
292087,御所市,municipality,奈良県,https://www.city.gose.nara.jp/,city
292095,生駒市,municipality,奈良県,https://www.city.ikoma.lg.jp/,city
292109,香芝市,municipality,奈良県,https://www.city.kashiba.lg.jp/,city
292117,葛城市,municipality,奈良県,https://www.city.katsuragi.nara.jp/,city
292125,宇陀市,municipality,奈良県,https://www.city.uda.nara.jp/,city
293229,奈良県山添村,municipality,奈良県,https://www.vill.yamazoe.nara.jp/,village
293423,奈良県平群町,municipality,奈良県,https://www.town.heguri.nara.jp/,town
293431,奈良県三郷町,municipality,奈良県,https://www.town.sango.nara.jp/,town
293440,奈良県斑鳩町,municipality,奈良県,https://www.town.ikaruga.nara.jp/,town
293458,奈良県安堵町,municipality,奈良県,https://www.town.ando.nara.jp/,town
293610,奈良県川西町,municipality,奈良県,https://www.town.nara-kawanishi.lg.jp/,town
293628,奈良県三宅町,municipality,奈良県,https://www.town.miyake.lg.jp/,town
293636,奈良県田原本町,municipality,奈良県,https://www.town.tawaramoto.nara.jp/,town
293857,奈良県曽爾村,municipality,奈良県,https://www.vill.soni.nara.jp/forms/top/top.aspx,village
293865,奈良県御杖村,municipality,奈良県,https://www.vill.mitsue.nara.jp/,village
294012,奈良県高取町,municipality,奈良県,https://www.town.takatori.nara.jp/,town
294021,奈良県明日香村,municipality,奈良県,https://asukamura.jp/,village
294241,奈良県上牧町,municipality,奈良県,https://www.town.kanmaki.nara.jp/,town
294250,奈良県王寺町,municipality,奈良県,https://www.town.oji.nara.jp/,town
294268,奈良県広陵町,municipality,奈良県,https://www.town.koryo.nara.jp/,town
294276,奈良県河合町,municipality,奈良県,https://www.town.kawai.nara.jp/,town
294411,奈良県吉野町,municipality,奈良県,https://www.town.yoshino.nara.jp/,town
294420,奈良県大淀町,municipality,奈良県,https://www.town.oyodo.lg.jp/,town
294438,奈良県下市町,municipality,奈良県,https://www.town.shimoichi.lg.jp/,town
294446,奈良県黒滝村,municipality,奈良県,https://www.vill.kurotaki.nara.jp/,village
294462,奈良県天川村,municipality,奈良県,https://www.vill.tenkawa.nara.jp/,village
294471,奈良県野迫川村,municipality,奈良県,https://www.vill.nosegawa.nara.jp/,village
294497,奈良県十津川村,municipality,奈良県,https://www.vill.totsukawa.lg.jp/,village
294501,奈良県下北山村,municipality,奈良県,https://www.vill.shimokitayama.nara.jp/,village
294519,奈良県上北山村,municipality,奈良県,https://vill.kamikitayama.nara.jp/,village
294527,奈良県川上村,municipality,奈良県,https://www.vill.kawakami.nara.jp/,village
294535,奈良県東吉野村,municipality,奈良県,http://www.vill.higashiyoshino.nara.jp/,village
302015,和歌山市,municipality,和歌山県,https://www.city.wakayama.wakayama.jp/,core_city
302023,海南市,municipality,和歌山県,https://www.city.kainan.lg.jp/,city
302031,橋本市,municipality,和歌山県,https://www.city.hashimoto.lg.jp/,city
302040,有田市,municipality,和歌山県,https://www.city.arida.lg.jp/,city
302058,御坊市,municipality,和歌山県,https://www.city.gobo.lg.jp/,city
302066,田辺市,municipality,和歌山県,https://www.city.tanabe.lg.jp/,city
302074,新宮市,municipality,和歌山県,https://www.city.shingu.lg.jp/forms/top/top.aspx,city
302082,紀の川市,municipality,和歌山県,https://www.city.kinokawa.lg.jp/,city
302091,岩出市,municipality,和歌山県,https://www.city.iwade.lg.jp/,city
303046,和歌山県紀美野町,municipality,和歌山県,https://www.town.kimino.wakayama.jp/,town
303411,和歌山県かつらぎ町,municipality,和歌山県,https://www.town.katsuragi.wakayama.jp/,town
303437,和歌山県九度山町,municipality,和歌山県,https://www.town.kudoyama.lg.jp/,town
303445,和歌山県高野町,municipality,和歌山県,https://www.town.koya.wakayama.jp/,town
303615,和歌山県湯浅町,municipality,和歌山県,https://www.town.yuasa.wakayama.jp/,town
303623,和歌山県広川町,municipality,和歌山県,https://www.town.hirogawa.wakayama.jp/,town
303666,和歌山県有田川町,municipality,和歌山県,https://www.town.aridagawa.lg.jp/,town
303810,和歌山県美浜町,municipality,和歌山県,http://www.town.mihama.wakayama.jp/,town
303828,和歌山県日高町,municipality,和歌山県,http://www.town.wakayama-hidaka.lg.jp/,town
303836,和歌山県由良町,municipality,和歌山県,http://www.town.yura.wakayama.jp/,town
303909,和歌山県印南町,municipality,和歌山県,https://www.town.wakayama-inami.lg.jp/,town
303917,和歌山県みなべ町,municipality,和歌山県,https://www.town.minabe.lg.jp/,town
303925,和歌山県日高川町,municipality,和歌山県,https://www.town.hidakagawa.lg.jp/,town
304018,和歌山県白浜町,municipality,和歌山県,https://www.town.shirahama.wakayama.jp/,town
304042,和歌山県上富田町,municipality,和歌山県,https://www.town.kamitonda.lg.jp/,town
304069,和歌山県すさみ町,municipality,和歌山県,https://www.town.susami.lg.jp/,town
304212,和歌山県那智勝浦町,municipality,和歌山県,https://www.town.nachikatsuura.wakayama.jp/,town
304221,和歌山県太地町,municipality,和歌山県,https://www.town.taiji.wakayama.jp/,town
304247,和歌山県古座川町,municipality,和歌山県,https://www.town.kozagawa.lg.jp/,town
304271,和歌山県北山村,municipality,和歌山県,https://www.vill.kitayama.wakayama.jp/,village
304280,和歌山県串本町,municipality,和歌山県,https://www.town.kushimoto.wakayama.jp/,town
312011,鳥取市,municipality,鳥取県,https://www.city.tottori.lg.jp/www/index.html,core_city
312029,米子市,municipality,鳥取県,https://www.city.yonago.lg.jp/,city
312037,倉吉市,municipality,鳥取県,https://www.city.kurayoshi.lg.jp/,city
312045,境港市,municipality,鳥取県,https://www.city.sakaiminato.lg.jp/,city
313025,鳥取県岩美町,municipality,鳥取県,https://www.iwami.gr.jp/,town
313254,鳥取県若桜町,municipality,鳥取県,https://www.town.wakasa.tottori.jp/,town
313289,鳥取県智頭町,municipality,鳥取県,https://www1.town.chizu.tottori.jp/,town
313297,鳥取県八頭町,municipality,鳥取県,https://www.town.yazu.tottori.jp/,town
313645,鳥取県三朝町,municipality,鳥取県,https://www.town.misasa.tottori.jp/,town
313700,鳥取県湯梨浜町,municipality,鳥取県,https://www.yurihama.jp/,town
313718,鳥取県琴浦町,municipality,鳥取県,https://www.town.kotoura.tottori.jp/,town
313726,鳥取県北栄町,municipality,鳥取県,https://www.e-hokuei.net/,town
313840,鳥取県日吉津村,municipality,鳥取県,https://www.hiezu.jp/,village
313866,鳥取県大山町,municipality,鳥取県,https://www.daisen.jp/,town
313891,鳥取県南部町,municipality,鳥取県,https://www.town.nanbu.tottori.jp/,town
313904,鳥取県伯耆町,municipality,鳥取県,https://www.houki-town.jp/,town
314013,鳥取県日南町,municipality,鳥取県,https://www.town.nichinan.lg.jp/,town
314021,鳥取県日野町,municipality,鳥取県,https://www.town.hino.tottori.jp/,town
314030,鳥取県江府町,municipality,鳥取県,https://www.town-kofu.jp/,town
322016,松江市,municipality,島根県,https://www.city.matsue.lg.jp/,core_city
322024,浜田市,municipality,島根県,https://www.city.hamada.shimane.jp/www/toppage/0000000000000/APM03000.html,city
322032,出雲市,municipality,島根県,https://www.city.izumo.shimane.jp/www/toppage/0000000000000/APM03000.html,city
322041,益田市,municipality,島根県,https://www.city.masuda.lg.jp/,city
322059,大田市,municipality,島根県,https://www.city.oda.lg.jp/,city
322067,安来市,municipality,島根県,https://www.city.yasugi.shimane.jp/,city
322075,江津市,municipality,島根県,https://www.city.gotsu.lg.jp/,city
322091,雲南市,municipality,島根県,https://www.city.unnan.shimane.jp/unnan/,city
323438,島根県奥出雲町,municipality,島根県,https://www.town.okuizumo.shimane.jp/,town
323861,島根県飯南町,municipality,島根県,https://www.iinan.jp/,town
324418,島根県川本町,municipality,島根県,https://www.town.shimane-kawamoto.lg.jp/,town
324485,島根県美郷町,municipality,島根県,https://www.town.shimane-misato.lg.jp/,town
324493,島根県邑南町,municipality,島根県,https://www.town.ohnan.lg.jp/www/index.html,town
325015,島根県津和野町,municipality,島根県,https://www.town.tsuwano.lg.jp/,town
325058,島根県吉賀町,municipality,島根県,https://www.town.yoshika.lg.jp/,town
325252,島根県海士町,municipality,島根県,https://www.town.ama.shimane.jp/,town
325261,島根県西ノ島町,municipality,島根県,https://www.town.nishinoshima.shimane.jp/,town
325279,島根県知夫村,municipality,島根県,http://www.vill.chibu.lg.jp/,village
325287,島根県隠岐の島町,municipality,島根県,https://www.town.okinoshima.shimane.jp/www/index.html,town
331007,岡山市,municipality,岡山県,https://www.city.okayama.jp/,designated_city
332020,倉敷市,municipality,岡山県,https://www.city.kurashiki.okayama.jp/,core_city
332038,津山市,municipality,岡山県,https://www.city.tsuyama.lg.jp/,city
332046,玉野市,municipality,岡山県,https://www.city.tamano.lg.jp/,city
332054,笠岡市,municipality,岡山県,https://www.city.kasaoka.okayama.jp/,city
332071,井原市,municipality,岡山県,https://www.city.ibara.okayama.jp/,city
332089,総社市,municipality,岡山県,https://www.city.soja.okayama.jp/,city
332097,高梁市,municipality,岡山県,https://www.city.takahashi.lg.jp/,city
332101,新見市,municipality,岡山県,https://www.city.niimi.okayama.jp/,city
332119,備前市,municipality,岡山県,https://www.city.bizen.okayama.jp/,city
332127,瀬戸内市,municipality,岡山県,https://www.city.setouchi.lg.jp/,city
332135,赤磐市,municipality,岡山県,https://www.city.akaiwa.lg.jp/,city
332143,真庭市,municipality,岡山県,https://www.city.maniwa.lg.jp/,city
332151,美作市,municipality,岡山県,https://www.city.mimasaka.lg.jp/,city
332160,浅口市,municipality,岡山県,https://www.city.asakuchi.lg.jp/,city
333468,岡山県和気町,municipality,岡山県,https://www.town.wake.lg.jp/,town
334235,岡山県早島町,municipality,岡山県,https://www.town.hayashima.lg.jp/,town
334456,岡山県里庄町,municipality,岡山県,https://www.town.satosho.okayama.jp/,town
334618,岡山県矢掛町,municipality,岡山県,http://www.town.yakage.okayama.jp/index.html,town
335860,岡山県新庄村,municipality,岡山県,http://www.vill.shinjo.okayama.jp/,village
336068,岡山県鏡野町,municipality,岡山県,https://www.town.kagamino.lg.jp/,town
336220,岡山県勝央町,municipality,岡山県,https://www.town.shoo.lg.jp/,town
336238,岡山県奈義町,municipality,岡山県,https://www.town.nagi.okayama.jp/,town
336432,岡山県西粟倉村,municipality,岡山県,https://www.vill.nishiawakura.okayama.jp/wp/,village
336637,岡山県久米南町,municipality,岡山県,https://www.town.kumenan.lg.jp/,town
336661,岡山県美咲町,municipality,岡山県,https://www.town.misaki.okayama.jp/,town
336815,岡山県吉備中央町,municipality,岡山県,https://www.town.kibichuo.lg.jp/,town
341002,広島市,municipality,広島県,https://www.city.hiroshima.lg.jp/,designated_city
342025,呉市,municipality,広島県,https://www.city.kure.lg.jp/,core_city
342033,竹原市,municipality,広島県,https://www.city.takehara.lg.jp/,city
342041,三原市,municipality,広島県,https://www.city.mihara.hiroshima.jp/,city
342050,尾道市,municipality,広島県,https://www.city.onomichi.hiroshima.jp/,city
342076,福山市,municipality,広島県,https://www.city.fukuyama.hiroshima.jp/,core_city
342084,府中市,municipality,広島県,https://www.city.fuchu.hiroshima.jp/,city
342092,三次市,municipality,広島県,https://www.city.miyoshi.hiroshima.jp/index.html,city
342106,庄原市,municipality,広島県,https://www.city.shobara.hiroshima.jp/,city
342114,大竹市,municipality,広島県,https://www.city.otake.hiroshima.jp/,city
342122,東広島市,municipality,広島県,https://www.city.higashihiroshima.lg.jp/,city
342131,廿日市市,municipality,広島県,https://www.city.hatsukaichi.hiroshima.jp/,city
342149,安芸高田市,municipality,広島県,https://www.akitakata.jp/ja/,city
342157,江田島市,municipality,広島県,https://www.city.etajima.hiroshima.jp/cms/,city
343021,広島県府中町,municipality,広島県,https://www.town.fuchu.hiroshima.jp/,town
343048,広島県海田町,municipality,広島県,https://www.town.kaita.lg.jp/,town
343072,広島県熊野町,municipality,広島県,https://www.town.kumano.hiroshima.jp/,town
343099,広島県坂町,municipality,広島県,https://www.town.saka.lg.jp/,town
343684,広島県安芸太田町,municipality,広島県,https://www.akiota.jp/,town
343692,広島県北広島町,municipality,広島県,https://www.town.kitahiroshima.lg.jp/,town
344311,広島県大崎上島町,municipality,広島県,https://www.town.osakikamijima.hiroshima.jp/,town
344621,広島県世羅町,municipality,広島県,https://www.town.sera.hiroshima.jp/,town
345458,広島県神石高原町,municipality,広島県,https://www.jinsekigun.jp/,town
352012,下関市,municipality,山口県,https://www.city.shimonoseki.lg.jp/www/toppage/0000000000000/APM03000.html,core_city
352021,宇部市,municipality,山口県,https://www.city.ube.yamaguchi.jp/,city
352039,山口市,municipality,山口県,https://www.city.yamaguchi.lg.jp/,city
352047,萩市,municipality,山口県,https://www.city.hagi.lg.jp/,city
352063,防府市,municipality,山口県,https://www.city.hofu.yamaguchi.jp/,city
352071,下松市,municipality,山口県,https://www.city.kudamatsu.lg.jp/,city
352080,岩国市,municipality,山口県,https://www.city.iwakuni.lg.jp/,city
352101,光市,municipality,山口県,https://www.city.hikari.lg.jp/,city
352110,長門市,municipality,山口県,https://www.city.nagato.yamaguchi.jp/,city
352128,柳井市,municipality,山口県,https://www.city-yanai.jp/,city
352136,美祢市,municipality,山口県,https://www2.city.mine.lg.jp/www/toppage/0000000000000/APM03000.html,city
352152,周南市,municipality,山口県,https://www.city.shunan.lg.jp/,city
352161,山陽小野田市,municipality,山口県,https://www.city.sanyo-onoda.lg.jp/,city
353051,山口県周防大島町,municipality,山口県,https://www.town.suo-oshima.lg.jp/,town
353213,山口県和木町,municipality,山口県,https://www.town.waki.lg.jp/,town
353418,山口県上関町,municipality,山口県,https://www.town.kaminoseki.lg.jp/,town
353434,山口県田布施町,municipality,山口県,https://www.town.tabuse.lg.jp/www/index.html,town
353442,山口県平生町,municipality,山口県,https://www.town.hirao.lg.jp/,town
355020,山口県阿武町,municipality,山口県,https://www.town.abu.lg.jp/,town
362018,徳島市,municipality,徳島県,https://www.city.tokushima.tokushima.jp/,city
362026,鳴門市,municipality,徳島県,https://www.city.naruto.tokushima.jp/,city
362034,小松島市,municipality,徳島県,https://www.city.komatsushima.lg.jp/,city
362042,阿南市,municipality,徳島県,https://www.city.anan.tokushima.jp/,city
362051,吉野川市,municipality,徳島県,https://www.city.yoshinogawa.lg.jp/,city
362069,阿波市,municipality,徳島県,https://www.city.awa.lg.jp/,city
362077,美馬市,municipality,徳島県,https://www.city.mima.lg.jp/,city
362085,三好市,municipality,徳島県,https://www.miyoshi.i-tokushima.jp/,city
363014,徳島県勝浦町,municipality,徳島県,https://www.town.katsuura.lg.jp/,town
363022,徳島県上勝町,municipality,徳島県,https://www.kamikatsu.jp/,town
363219,徳島県佐那河内村,municipality,徳島県,https://www.vill.sanagochi.lg.jp/,village
363413,徳島県石井町,municipality,徳島県,https://www.town.ishii.lg.jp/,town
363421,徳島県神山町,municipality,徳島県,https://www.town.kamiyama.lg.jp/,town
363685,徳島県那賀町,municipality,徳島県,https://www.town.tokushima-naka.lg.jp/,town
363839,徳島県牟岐町,municipality,徳島県,https://www.town.tokushima-mugi.lg.jp/,town
363871,徳島県美波町,municipality,徳島県,https://www.town.minami.lg.jp/,town
363880,徳島県海陽町,municipality,徳島県,https://www.town.kaiyo.lg.jp/,town
364011,徳島県松茂町,municipality,徳島県,https://www.town.matsushige.tokushima.jp/,town
364029,徳島県北島町,municipality,徳島県,https://www.town.kitajima.lg.jp/,town
364037,徳島県藍住町,municipality,徳島県,https://www.town.aizumi.lg.jp/,town
364045,徳島県板野町,municipality,徳島県,http://www.town.itano.tokushima.jp/,town
364053,徳島県上板町,municipality,徳島県,https://www.townkamiita.jp/,town
364681,徳島県つるぎ町,municipality,徳島県,https://www.town.tokushima-tsurugi.lg.jp/,town
364894,徳島県東みよし町,municipality,徳島県,https://www.town.higashimiyoshi.lg.jp/,town
372013,高松市,municipality,香川県,https://www.city.takamatsu.kagawa.jp/,core_city
372021,丸亀市,municipality,香川県,https://www.city.marugame.lg.jp/,city
372030,坂出市,municipality,香川県,https://www.city.sakaide.lg.jp/,city
372048,善通寺市,municipality,香川県,https://www.city.zentsuji.kagawa.jp/,city
372056,観音寺市,municipality,香川県,https://www.city.kanonji.kagawa.jp/,city
372064,さぬき市,municipality,香川県,https://www.city.sanuki.kagawa.jp/,city
372072,東かがわ市,municipality,香川県,https://www.higashikagawa.jp/,city
372081,三豊市,municipality,香川県,https://www.city.mitoyo.lg.jp,city
373222,香川県土庄町,municipality,香川県,https://www.town.tonosho.kagawa.jp/,town
373249,香川県小豆島町,municipality,香川県,https://www.town.shodoshima.lg.jp/,town
373419,香川県三木町,municipality,香川県,https://www.town.miki.lg.jp/,town
373648,香川県直島町,municipality,香川県,https://www.town.naoshima.lg.jp/,town
373869,香川県宇多津町,municipality,香川県,https://www.town.utazu.lg.jp/,town
373877,香川県綾川町,municipality,香川県,https://www.town.ayagawa.lg.jp/,town
374032,香川県琴平町,municipality,香川県,https://www.town.kotohira.kagawa.jp/,town
374041,香川県多度津町,municipality,香川県,https://www.town.tadotsu.kagawa.jp/,town
374067,香川県まんのう町,municipality,香川県,https://www.town.manno.lg.jp/,town
382019,松山市,municipality,愛媛県,https://www.city.matsuyama.ehime.jp/,core_city
382027,今治市,municipality,愛媛県,https://www.city.imabari.ehime.jp/,city
382035,宇和島市,municipality,愛媛県,https://www.city.uwajima.ehime.jp/,city
382043,八幡浜市,municipality,愛媛県,https://www.city.yawatahama.ehime.jp/,city
382051,新居浜市,municipality,愛媛県,https://www.city.niihama.lg.jp/,city
382060,西条市,municipality,愛媛県,https://www.city.saijo.ehime.jp/,city
382078,大洲市,municipality,愛媛県,https://www.city.ozu.ehime.jp/,city
382108,伊予市,municipality,愛媛県,https://www.city.iyo.lg.jp/,city
382132,四国中央市,municipality,愛媛県,https://www.city.shikokuchuo.ehime.jp/,city
382141,西予市,municipality,愛媛県,https://www.city.seiyo.ehime.jp/,city
382159,東温市,municipality,愛媛県,https://www.city.toon.ehime.jp/,city
383562,愛媛県上島町,municipality,愛媛県,https://www.town.kamijima.lg.jp,town
383864,愛媛県久万高原町,municipality,愛媛県,https://www.kumakogen.jp/,town
384011,愛媛県松前町,municipality,愛媛県,https://www.town.masaki.ehime.jp/,town
384020,愛媛県砥部町,municipality,愛媛県,https://www.town.tobe.ehime.jp/,town
384224,愛媛県内子町,municipality,愛媛県,https://www.town.uchiko.ehime.jp/,town
384429,愛媛県伊方町,municipality,愛媛県,https://www.town.ikata.ehime.jp/,town
384844,愛媛県松野町,municipality,愛媛県,https://www.town.matsuno.ehime.jp/,town
384887,愛媛県鬼北町,municipality,愛媛県,https://www.town.kihoku.ehime.jp/,town
385069,愛媛県愛南町,municipality,愛媛県,https://www.town.ainan.ehime.jp/,town
392014,高知市,municipality,高知県,https://www.city.kochi.kochi.jp/,core_city
392022,室戸市,municipality,高知県,https://www.city.muroto.kochi.jp/,city
392031,安芸市,municipality,高知県,https://www.city.aki.kochi.jp/,city
392049,南国市,municipality,高知県,https://www.city.nankoku.lg.jp/,city
392057,土佐市,municipality,高知県,https://www.city.tosa.lg.jp/,city
392065,須崎市,municipality,高知県,https://www.city.susaki.lg.jp/,city
392081,宿毛市,municipality,高知県,https://www.city.sukumo.kochi.jp/,city
392090,土佐清水市,municipality,高知県,https://www.city.tosashimizu.kochi.jp/,city
392103,四万十市,municipality,高知県,https://www.city.shimanto.lg.jp/topj.html,city
392111,香南市,municipality,高知県,https://www.city.kochi-konan.lg.jp/,city
392120,香美市,municipality,高知県,https://www.city.kami.lg.jp/,city
393011,高知県東洋町,municipality,高知県,http://www.town.toyo.kochi.jp/,town
393029,高知県奈半利町,municipality,高知県,https://www.town.nahari.kochi.jp/,town
393037,高知県田野町,municipality,高知県,https://tanocho.jp/,town
393045,高知県安田町,municipality,高知県,https://www.town.yasuda.kochi.jp/,town
393053,高知県北川村,municipality,高知県,https://www.kitagawamura.jp/,village
393061,高知県馬路村,municipality,高知県,https://vill.umaji.lg.jp/,village
393070,高知県芸西村,municipality,高知県,https://www.vill.geisei.kochi.jp/,village
393410,高知県本山町,municipality,高知県,https://www.town.motoyama.kochi.jp/,town
393444,高知県大豊町,municipality,高知県,https://www.town.otoyo.kochi.jp/,town
393631,高知県土佐町,municipality,高知県,https://www.town.tosa.kochi.jp/,town
393649,高知県大川村,municipality,高知県,https://www.vill.okawa.kochi.jp/,village
393860,高知県いの町,municipality,高知県,https://www.town.ino.kochi.jp/,town
393878,高知県仁淀川町,municipality,高知県,https://www.town.niyodogawa.lg.jp/,town
394017,高知県中土佐町,municipality,高知県,https://www.town.nakatosa.lg.jp/,town
394025,高知県佐川町,municipality,高知県,https://www.town.sakawa.lg.jp/,town
394033,高知県越知町,municipality,高知県,https://www.town.ochi.kochi.jp/,town
394050,高知県檮原町,municipality,高知県,https://www.town.yusuhara.lg.jp/,town
394106,高知県日高村,municipality,高知県,https://www.vill.hidaka.kochi.jp/,village
394114,高知県津野町,municipality,高知県,https://town.kochi-tsuno.lg.jp/,town
394122,高知県四万十町,municipality,高知県,https://www.town.shimanto.lg.jp/,town
394246,高知県大月町,municipality,高知県,https://www.town.otsuki.kochi.jp/,town
394271,高知県三原村,municipality,高知県,https://www.vill.mihara.kochi.jp/,village
394289,高知県黒潮町,municipality,高知県,https://www.town.kuroshio.lg.jp/,town
401005,北九州市,municipality,福岡県,https://www.city.kitakyushu.lg.jp/,designated_city
401307,福岡市,municipality,福岡県,https://www.city.fukuoka.lg.jp/,designated_city
402028,大牟田市,municipality,福岡県,https://www.city.omuta.lg.jp/,city
402036,久留米市,municipality,福岡県,https://www.city.kurume.fukuoka.jp/,core_city
402044,直方市,municipality,福岡県,https://www.city.nogata.fukuoka.jp/,city
402052,飯塚市,municipality,福岡県,https://www.city.iizuka.lg.jp/,city
402061,田川市,municipality,福岡県,https://www.joho.tagawa.fukuoka.jp/,city
402079,柳川市,municipality,福岡県,https://www.city.yanagawa.fukuoka.jp/,city
402109,八女市,municipality,福岡県,https://www.city.yame.fukuoka.jp/,city
402117,筑後市,municipality,福岡県,https://www.city.chikugo.lg.jp/,city
402125,大川市,municipality,福岡県,https://www.city.okawa.lg.jp/index.html,city
402133,行橋市,municipality,福岡県,https://www.city.yukuhashi.fukuoka.jp/,city
402141,豊前市,municipality,福岡県,https://www.city.buzen.lg.jp/,city
402150,中間市,municipality,福岡県,https://www.city.nakama.lg.jp/,city
402168,小郡市,municipality,福岡県,https://www.city.ogori.fukuoka.jp/,city
402176,筑紫野市,municipality,福岡県,https://www.city.chikushino.fukuoka.jp/index.html,city
402184,春日市,municipality,福岡県,https://www.city.kasuga.fukuoka.jp/,city
402192,大野城市,municipality,福岡県,https://www.city.onojo.fukuoka.jp/,city
402206,宗像市,municipality,福岡県,https://www.city.munakata.lg.jp/,city
402214,太宰府市,municipality,福岡県,https://www.city.dazaifu.lg.jp,city
402231,古賀市,municipality,福岡県,https://www.city.koga.fukuoka.jp/,city
402249,福津市,municipality,福岡県,https://www.city.fukutsu.lg.jp/,city
402257,うきは市,municipality,福岡県,https://www.city.ukiha.fukuoka.jp/,city
402265,宮若市,municipality,福岡県,https://www.city.miyawaka.lg.jp/,city
402273,嘉麻市,municipality,福岡県,https://www.city.kama.lg.jp/,city
402281,朝倉市,municipality,福岡県,https://www.city.asakura.lg.jp/www/toppage/0000000000000/APM03000.html,city
402290,みやま市,municipality,福岡県,https://www.city.miyama.lg.jp/,city
402303,糸島市,municipality,福岡県,https://www.city.itoshima.lg.jp/,city
402311,那珂川市,municipality,福岡県,https://www.city.nakagawa.lg.jp/,city
403415,福岡県宇美町,municipality,福岡県,https://www.town.umi.lg.jp/,town
403423,福岡県篠栗町,municipality,福岡県,https://www.town.sasaguri.fukuoka.jp/,town
403431,福岡県志免町,municipality,福岡県,https://www.town.shime.lg.jp/,town
403440,福岡県須恵町,municipality,福岡県,https://www.town.sue.fukuoka.jp/,town
403458,福岡県新宮町,municipality,福岡県,https://www.town.shingu.fukuoka.jp/,town
403482,福岡県久山町,municipality,福岡県,https://www.town.hisayama.fukuoka.jp/fullflash/index.html,town
403491,福岡県粕屋町,municipality,福岡県,https://www.town.kasuya.fukuoka.jp/,town
403814,福岡県芦屋町,municipality,福岡県,https://www.town.ashiya.lg.jp/,town
403822,福岡県水巻町,municipality,福岡県,https://www.town.mizumaki.lg.jp/,town
403831,福岡県岡垣町,municipality,福岡県,https://www.town.okagaki.lg.jp/,town
403849,福岡県遠賀町,municipality,福岡県,https://www.town.onga.lg.jp/,town
404012,福岡県小竹町,municipality,福岡県,https://town.kotake.lg.jp/,town
404021,福岡県鞍手町,municipality,福岡県,https://www.town.kurate.lg.jp/,town
404217,福岡県桂川町,municipality,福岡県,https://www.town.keisen.fukuoka.jp/,town
404471,福岡県筑前町,municipality,福岡県,https://www.town.chikuzen.fukuoka.jp/,town
404489,福岡県東峰村,municipality,福岡県,https://vill.toho-info.com/,village
405035,福岡県大刀洗町,municipality,福岡県,https://www.town.tachiarai.fukuoka.jp/opening/,town
405221,福岡県大木町,municipality,福岡県,https://www.town.ooki.lg.jp/,town
405442,福岡県広川町,municipality,福岡県,https://www.town.hirokawa.fukuoka.jp/,town
406015,福岡県香春町,municipality,福岡県,https://www.town.kawara.fukuoka.jp/,town
406023,福岡県添田町,municipality,福岡県,https://www.town.soeda.fukuoka.jp/,town
406040,福岡県糸田町,municipality,福岡県,https://www.town.itoda.lg.jp/,town
406058,福岡県川崎町,municipality,福岡県,https://www.town-kawasaki.com/,town
406082,福岡県大任町,municipality,福岡県,https://www.town.oto.fukuoka.jp/,town
406091,福岡県赤村,municipality,福岡県,https://www.akamura.net/,village
406104,福岡県福智町,municipality,福岡県,https://www.town.fukuchi.lg.jp/,town
406210,福岡県苅田町,municipality,福岡県,https://www.town.kanda.lg.jp/,town
406252,福岡県みやこ町,municipality,福岡県,https://www.town.miyako.lg.jp/,town
406422,福岡県吉富町,municipality,福岡県,https://www.town.yoshitomi.lg.jp/,town
406465,福岡県上毛町,municipality,福岡県,https://www.town.koge.lg.jp/,town
406473,福岡県築上町,municipality,福岡県,https://www.town.chikujo.fukuoka.jp/,town
412015,佐賀市,municipality,佐賀県,https://www.city.saga.lg.jp/,city
412023,唐津市,municipality,佐賀県,https://www.city.karatsu.lg.jp/,city
412031,鳥栖市,municipality,佐賀県,https://www.city.tosu.lg.jp/,city
412040,多久市,municipality,佐賀県,https://www.city.taku.lg.jp/,city
412058,伊万里市,municipality,佐賀県,https://www.city.imari.saga.jp/,city
412066,武雄市,municipality,佐賀県,https://www.city.takeo.lg.jp/,city
412074,鹿島市,municipality,佐賀県,https://www.city.saga-kashima.lg.jp/,city
412082,小城市,municipality,佐賀県,https://www.city.ogi.lg.jp/,city
412091,嬉野市,municipality,佐賀県,https://www.city.ureshino.lg.jp/,city
412104,神埼市,municipality,佐賀県,https://www.city.kanzaki.saga.jp/,city
413275,佐賀県吉野ヶ里町,municipality,佐賀県,https://www.town.yoshinogari.lg.jp/,town
413411,佐賀県基山町,municipality,佐賀県,https://www.town.kiyama.lg.jp/,town
413453,佐賀県上峰町,municipality,佐賀県,https://www.town.kamimine.lg.jp/,town
413461,佐賀県みやき町,municipality,佐賀県,https://www.town.miyaki.lg.jp/,town
413879,佐賀県玄海町,municipality,佐賀県,https://www.town.genkai.lg.jp/,town
414018,佐賀県有田町,municipality,佐賀県,https://www.town.arita.lg.jp/,town
414239,佐賀県大町町,municipality,佐賀県,https://www.town.omachi.lg.jp/,town
414247,佐賀県江北町,municipality,佐賀県,https://www.town.kouhoku.saga.jp/,town
414255,佐賀県白石町,municipality,佐賀県,https://www.town.shiroishi.lg.jp/,town
414417,佐賀県太良町,municipality,佐賀県,https://www.town.tara.lg.jp/,town
422011,長崎市,municipality,長崎県,https://www.city.nagasaki.lg.jp/,core_city
422029,佐世保市,municipality,長崎県,https://www.city.sasebo.lg.jp/,core_city
422037,島原市,municipality,長崎県,https://www.city.shimabara.lg.jp/,city
422045,諫早市,municipality,長崎県,https://www.city.isahaya.nagasaki.jp/,city
422053,大村市,municipality,長崎県,https://www.city.omura.nagasaki.jp/,city
422070,平戸市,municipality,長崎県,https://www.city.hirado.nagasaki.jp/,city
422088,松浦市,municipality,長崎県,https://www.city-matsuura.jp/,city
422096,対馬市,municipality,長崎県,https://www.city.tsushima.nagasaki.jp/,city
422100,壱岐市,municipality,長崎県,https://www.city.iki.nagasaki.jp/,city
422118,五島市,municipality,長崎県,https://www.city.goto.nagasaki.jp/,city
422126,西海市,municipality,長崎県,https://www.city.saikai.nagasaki.jp/,city
422134,雲仙市,municipality,長崎県,https://www.city.unzen.nagasaki.jp/,city
422142,南島原市,municipality,長崎県,https://www.city.minamishimabara.lg.jp/,city
423076,長崎県長与町,municipality,長崎県,https://webtown.nagayo.jp/,town
423084,長崎県時津町,municipality,長崎県,https://www.town.togitsu.nagasaki.jp/,town
423211,長崎県東彼杵町,municipality,長崎県,https://www.sonogi.jp/,town
423220,長崎県川棚町,municipality,長崎県,https://www.kawatana.jp/,town
423238,長崎県波佐見町,municipality,長崎県,https://www.town.hasami.lg.jp/,town
423831,長崎県小値賀町,municipality,長崎県,https://www.town.ojika.lg.jp/index.html,town
423912,長崎県佐々町,municipality,長崎県,https://www.sazacho-nagasaki.jp/,town
424111,長崎県新上五島町,municipality,長崎県,https://official.shinkamigoto.net/,town
431001,熊本市,municipality,熊本県,https://www.city.kumamoto.jp/,designated_city
432024,八代市,municipality,熊本県,https://www.city.yatsushiro.lg.jp/,city
432032,人吉市,municipality,熊本県,https://www.city.hitoyoshi.lg.jp/,city
432041,荒尾市,municipality,熊本県,https://www.city.arao.lg.jp/,city
432059,水俣市,municipality,熊本県,https://www.city.minamata.lg.jp/,city
432067,玉名市,municipality,熊本県,https://www.city.tamana.lg.jp/,city
432083,山鹿市,municipality,熊本県,https://www.city.yamaga.kumamoto.jp/www/toppage/0000000000000/APM03000.html,city
432105,菊池市,municipality,熊本県,https://www.city.kikuchi.lg.jp/,city
432113,宇土市,municipality,熊本県,https://www.city.uto.lg.jp/,city
432121,上天草市,municipality,熊本県,https://www.city.kamiamakusa.kumamoto.jp/,city
432130,宇城市,municipality,熊本県,https://www.city.uki.kumamoto.jp/,city
432148,阿蘇市,municipality,熊本県,https://www.city.aso.kumamoto.jp/,city
432156,天草市,municipality,熊本県,https://www.city.amakusa.kumamoto.jp/,city
432164,合志市,municipality,熊本県,https://www.city.koshi.lg.jp/,city
433489,熊本県美里町,municipality,熊本県,https://www.town.kumamoto-misato.lg.jp/,town
433641,熊本県玉東町,municipality,熊本県,https://www.town.gyokuto.kumamoto.jp/,town
433675,熊本県南関町,municipality,熊本県,https://www.town.nankan.lg.jp/,town
433683,熊本県長洲町,municipality,熊本県,https://www.town.nagasu.lg.jp/index.html,town
433691,熊本県和水町,municipality,熊本県,https://www.town.nagomi.lg.jp/,town
434035,熊本県大津町,municipality,熊本県,https://www.town.ozu.kumamoto.jp/,town
434043,熊本県菊陽町,municipality,熊本県,https://www.town.kikuyo.lg.jp/,town
434230,熊本県南小国町,municipality,熊本県,https://www.town.minamioguni.lg.jp/top.html,town
434248,熊本県小国町,municipality,熊本県,https://www.town.kumamoto-oguni.lg.jp/,town
434256,熊本県産山村,municipality,熊本県,https://www.ubuyama-v.jp/,village
434281,熊本県高森町,municipality,熊本県,https://www.town.takamori.kumamoto.jp/,town
434329,熊本県西原村,municipality,熊本県,https://www.vill.nishihara.kumamoto.jp/,village
434337,熊本県南阿蘇村,municipality,熊本県,https://www.vill.minamiaso.lg.jp/,village
434418,熊本県御船町,municipality,熊本県,https://www.town.mifune.kumamoto.jp/,town
434426,熊本県嘉島町,municipality,熊本県,https://www.town.kumamoto-kashima.lg.jp/,town
434434,熊本県益城町,municipality,熊本県,https://www.town.mashiki.lg.jp/,town
434442,熊本県甲佐町,municipality,熊本県,https://www.town.kosa.lg.jp/,town
434477,熊本県山都町,municipality,熊本県,https://www.town.kumamoto-yamato.lg.jp/,town
434680,熊本県氷川町,municipality,熊本県,https://www.town.hikawa.kumamoto.jp/,town
434825,熊本県芦北町,municipality,熊本県,https://www.town.ashikita.lg.jp/,town
434841,熊本県津奈木町,municipality,熊本県,https://www.town.tsunagi.lg.jp/,town
435015,熊本県錦町,municipality,熊本県,https://www.town.kumamoto-nishiki.lg.jp/,town
435058,熊本県多良木町,municipality,熊本県,https://www.town.taragi.lg.jp/,town
435066,熊本県湯前町,municipality,熊本県,https://www.town.yunomae.lg.jp/,town
435074,熊本県水上村,municipality,熊本県,https://www.vill.mizukami.lg.jp/,village
435104,熊本県相良村,municipality,熊本県,https://www.vill.sagara.lg.jp/,village
435112,熊本県五木村,municipality,熊本県,https://www.vill.itsuki.lg.jp/,village
435121,熊本県山江村,municipality,熊本県,https://www.vill.yamae.lg.jp/,village
435139,熊本県球磨村,municipality,熊本県,https://www.kumamura.com/,village
435147,熊本県あさぎり町,municipality,熊本県,https://www.town.asagiri.lg.jp/,town
435317,熊本県苓北町,municipality,熊本県,https://reihoku-kumamoto.jp/,town
442011,大分市,municipality,大分県,https://www.city.oita.oita.jp/,core_city
442020,別府市,municipality,大分県,https://www.city.beppu.oita.jp/,city
442038,中津市,municipality,大分県,https://www.city-nakatsu.jp/,city
442046,日田市,municipality,大分県,https://www.city.hita.oita.jp/,city
442054,佐伯市,municipality,大分県,https://www.city.saiki.oita.jp/,city
442062,臼杵市,municipality,大分県,https://www.city.usuki.oita.jp/,city
442071,津久見市,municipality,大分県,https://www.city.tsukumi.oita.jp/,city
442089,竹田市,municipality,大分県,https://www.city.taketa.oita.jp/,city
442097,豊後高田市,municipality,大分県,https://www.city.bungotakada.oita.jp/,city
442101,杵築市,municipality,大分県,https://www.city.kitsuki.lg.jp/,city
442119,宇佐市,municipality,大分県,https://www.city.usa.oita.jp/,city
442127,豊後大野市,municipality,大分県,https://www.bungo-ohno.jp/,city
442135,由布市,municipality,大分県,https://www.city.yufu.oita.jp/,city
442143,国東市,municipality,大分県,https://www.city.kunisaki.oita.jp/,city
443221,大分県姫島村,municipality,大分県,https://www.himeshima.jp/,village
443417,大分県日出町,municipality,大分県,https://www.town.hiji.lg.jp/,town
444618,大分県九重町,municipality,大分県,https://www.town.kokonoe.oita.jp/,town
444626,大分県玖珠町,municipality,大分県,https://www.town.kusu.oita.jp/,town
452017,宮崎市,municipality,宮崎県,https://www.city.miyazaki.miyazaki.jp/,core_city
452025,都城市,municipality,宮崎県,https://www.city.miyakonojo.miyazaki.jp/,city
452033,延岡市,municipality,宮崎県,https://www.city.nobeoka.miyazaki.jp/,city
452041,日南市,municipality,宮崎県,https://www.city.nichinan.lg.jp/,city
452050,小林市,municipality,宮崎県,https://www.city.kobayashi.lg.jp/,city
452068,日向市,municipality,宮崎県,https://www.hyugacity.jp/,city
452076,串間市,municipality,宮崎県,https://www.city.kushima.lg.jp/,city
452084,西都市,municipality,宮崎県,https://www.city.saito.lg.jp/,city
452092,えびの市,municipality,宮崎県,https://www.city.ebino.lg.jp/,city
453412,宮崎県三股町,municipality,宮崎県,https://www.town.mimata.lg.jp/,town
453617,宮崎県高原町,municipality,宮崎県,https://www.town.takaharu.lg.jp/,town
453820,宮崎県国富町,municipality,宮崎県,https://www.town.kunitomi.miyazaki.jp/,town
453838,宮崎県綾町,municipality,宮崎県,https://www.town.aya.miyazaki.jp/ayatown/,town
454010,宮崎県高鍋町,municipality,宮崎県,https://www.town.takanabe.lg.jp/,town
454028,宮崎県新富町,municipality,宮崎県,https://www.town.shintomi.lg.jp/,town
454036,宮崎県西米良村,municipality,宮崎県,https://www.vill.nishimera.lg.jp/,village
454044,宮崎県木城町,municipality,宮崎県,https://www.town.kijo.lg.jp/,town
454052,宮崎県川南町,municipality,宮崎県,https://www.town.kawaminami.miyazaki.jp/,town
454061,宮崎県都農町,municipality,宮崎県,https://www.town.tsuno.lg.jp/,town
454214,宮崎県門川町,municipality,宮崎県,https://www.town.kadogawa.lg.jp/,town
454290,宮崎県諸塚村,municipality,宮崎県,https://www.vill.morotsuka.miyazaki.jp/,village
454303,宮崎県椎葉村,municipality,宮崎県,https://www.vill.shiiba.miyazaki.jp/,village
454311,宮崎県美郷町,municipality,宮崎県,https://www.town.miyazaki-misato.lg.jp/,town
454419,宮崎県高千穂町,municipality,宮崎県,https://www.town-takachiho.jp/,town
454427,宮崎県日之影町,municipality,宮崎県,https://www.town.hinokage.lg.jp/,town
454435,宮崎県五ヶ瀬町,municipality,宮崎県,https://www.town.gokase.miyazaki.jp/,town
462012,鹿児島市,municipality,鹿児島県,https://www.city.kagoshima.lg.jp/,core_city
462039,鹿屋市,municipality,鹿児島県,https://www.city.kanoya.lg.jp/index.html,city
462047,枕崎市,municipality,鹿児島県,https://www.city.makurazaki.lg.jp/,city
462063,阿久根市,municipality,鹿児島県,https://www.city.akune.lg.jp/,city
462080,出水市,municipality,鹿児島県,https://www.city.kagoshima-izumi.lg.jp/,city
462101,指宿市,municipality,鹿児島県,https://www.city.ibusuki.lg.jp/,city
462136,西之表市,municipality,鹿児島県,https://www.city.nishinoomote.lg.jp/,city
462144,垂水市,municipality,鹿児島県,https://www.city.tarumizu.lg.jp/,city
462152,薩摩川内市,municipality,鹿児島県,https://www.city.satsumasendai.lg.jp/www/index.html,city
462161,日置市,municipality,鹿児島県,https://www.city.hioki.kagoshima.jp/,city
462179,曽於市,municipality,鹿児島県,https://www.city.soo.kagoshima.jp/,city
462187,霧島市,municipality,鹿児島県,https://www.city-kirishima.jp/,city
462195,いちき串木野市,municipality,鹿児島県,https://www.city.ichikikushikino.lg.jp/,city
462209,南さつま市,municipality,鹿児島県,https://www.city.minamisatsuma.lg.jp/,city
462217,志布志市,municipality,鹿児島県,https://www.city.shibushi.lg.jp/,city
462225,奄美市,municipality,鹿児島県,https://www.city.amami.lg.jp/,city
462233,南九州市,municipality,鹿児島県,https://www.city.minamikyushu.lg.jp/,city
462241,伊佐市,municipality,鹿児島県,https://www.city.isa.kagoshima.jp/,city
462250,姶良市,municipality,鹿児島県,https://www.city.aira.lg.jp/,city
463035,鹿児島県三島村,municipality,鹿児島県,https://mishimamura.com/,village
463043,鹿児島県十島村,municipality,鹿児島県,https://www.tokara.jp/,village
463922,鹿児島県さつま町,municipality,鹿児島県,https://www.satsuma-net.jp/,town
464040,鹿児島県長島町,municipality,鹿児島県,https://www.town.nagashima.lg.jp/,town
464520,鹿児島県湧水町,municipality,鹿児島県,https://www.town.yusui.kagoshima.jp/,town
464686,鹿児島県大崎町,municipality,鹿児島県,https://www.town.kagoshima-osaki.lg.jp/,town
464821,鹿児島県東串良町,municipality,鹿児島県,https://www.higashikushira.com/,town
464902,鹿児島県錦江町,municipality,鹿児島県,https://www.town.kinko.lg.jp/,town
464911,鹿児島県南大隅町,municipality,鹿児島県,https://www.town.minamiosumi.lg.jp/,town
464929,鹿児島県肝付町,municipality,鹿児島県,https://kimotsuki-town.jp/,town
465011,鹿児島県中種子町,municipality,鹿児島県,https://town.nakatane.kagoshima.jp/,town
465020,鹿児島県南種子町,municipality,鹿児島県,http://www.town.minamitane.kagoshima.jp/,town
465054,鹿児島県屋久島町,municipality,鹿児島県,https://www.town.yakushima.kagoshima.jp/,town
465232,鹿児島県大和村,municipality,鹿児島県,https://www.vill.yamato.lg.jp/,village
465241,鹿児島県宇検村,municipality,鹿児島県,https://www.uken.net/,village
465259,鹿児島県瀬戸内町,municipality,鹿児島県,https://www.town.setouchi.lg.jp/,town
465275,鹿児島県龍郷町,municipality,鹿児島県,https://www.town.tatsugo.lg.jp/,town
465291,鹿児島県喜界町,municipality,鹿児島県,https://www.town.kikai.lg.jp/,town
465305,鹿児島県徳之島町,municipality,鹿児島県,https://www.tokunoshima-town.org/,town
465313,鹿児島県天城町,municipality,鹿児島県,https://www.town.amagi.lg.jp/,town
465321,鹿児島県伊仙町,municipality,鹿児島県,https://www.town.isen.kagoshima.jp/,town
465330,鹿児島県和泊町,municipality,鹿児島県,https://www.town.wadomari.lg.jp/,town
465348,鹿児島県知名町,municipality,鹿児島県,https://www.town.china.lg.jp/,town
465356,鹿児島県与論町,municipality,鹿児島県,https://www.yoron.jp/,town
472018,那覇市,municipality,沖縄県,https://www.city.naha.okinawa.jp/,core_city
472051,宜野湾市,municipality,沖縄県,https://www.city.ginowan.lg.jp/,city
472077,石垣市,municipality,沖縄県,https://www.city.ishigaki.okinawa.jp/,city
472085,浦添市,municipality,沖縄県,https://www.city.urasoe.lg.jp/home,city
472093,名護市,municipality,沖縄県,https://www.city.nago.okinawa.jp/,city
472107,糸満市,municipality,沖縄県,https://www.city.itoman.lg.jp/,city
472115,沖縄市,municipality,沖縄県,https://www.city.okinawa.okinawa.jp/,city
472123,豊見城市,municipality,沖縄県,https://www.city.tomigusuku.lg.jp/,city
472131,うるま市,municipality,沖縄県,https://www.city.uruma.lg.jp/,city
472140,宮古島市,municipality,沖縄県,https://www.city.miyakojima.lg.jp/,city
472158,南城市,municipality,沖縄県,https://www.city.nanjo.okinawa.jp/,city
473014,沖縄県国頭村,municipality,沖縄県,https://www.vill.kunigami.okinawa.jp/,village
473022,沖縄県大宜味村,municipality,沖縄県,https://www.vill.ogimi.okinawa.jp/,village
473031,沖縄県東村,municipality,沖縄県,https://www.vill.higashi.okinawa.jp/index.jsp,village
473065,沖縄県今帰仁村,municipality,沖縄県,https://www.nakijin.jp/,village
473081,沖縄県本部町,municipality,沖縄県,https://www.town.motobu.okinawa.jp/,town
473111,沖縄県恩納村,municipality,沖縄県,https://www.vill.onna.okinawa.jp/,village
473138,沖縄県宜野座村,municipality,沖縄県,https://www.vill.ginoza.okinawa.jp/,village
473146,沖縄県金武町,municipality,沖縄県,https://www.town.kin.okinawa.jp/,town
473154,沖縄県伊江村,municipality,沖縄県,https://www.iejima.org/,village
473243,沖縄県読谷村,municipality,沖縄県,https://www.vill.yomitan.okinawa.jp/,village
473251,沖縄県嘉手納町,municipality,沖縄県,https://www.town.kadena.okinawa.jp/,town
473260,沖縄県北谷町,municipality,沖縄県,https://www.chatan.jp/,town
473278,沖縄県北中城村,municipality,沖縄県,https://www.vill.kitanakagusuku.lg.jp/,village
473286,沖縄県中城村,municipality,沖縄県,https://www.vill.nakagusuku.okinawa.jp/index.jsp,village
473294,沖縄県西原町,municipality,沖縄県,https://www.town.nishihara.okinawa.jp/,town
473481,沖縄県与那原町,municipality,沖縄県,https://www.town.yonabaru.okinawa.jp/,town
473502,沖縄県南風原町,municipality,沖縄県,https://www.town.haebaru.lg.jp/,town
473537,沖縄県渡嘉敷村,municipality,沖縄県,https://www.vill.tokashiki.okinawa.jp/,village
473545,沖縄県座間味村,municipality,沖縄県,https://www.vill.zamami.okinawa.jp/,village
473553,沖縄県粟国村,municipality,沖縄県,https://www.vill.aguni.okinawa.jp/,village
473561,沖縄県渡名喜村,municipality,沖縄県,https://www.vill.tonaki.okinawa.jp/index.jsp,village
473570,沖縄県南大東村,municipality,沖縄県,https://www.vill.minamidaito.okinawa.jp/,village
473588,沖縄県北大東村,municipality,沖縄県,https://vill.kitadaito.okinawa.jp/,village
473596,沖縄県伊平屋村,municipality,沖縄県,https://www.vill.iheya.okinawa.jp/,village
473600,沖縄県伊是名村,municipality,沖縄県,https://vill.izena.okinawa.jp/,village
473618,沖縄県久米島町,municipality,沖縄県,https://www.town.kumejima.okinawa.jp/,town
473626,沖縄県八重瀬町,municipality,沖縄県,https://www.town.yaese.lg.jp/,town
473758,沖縄県多良間村,municipality,沖縄県,https://www.vill.tarama.okinawa.jp/,village
473812,沖縄県竹富町,municipality,沖縄県,https://www.town.taketomi.lg.jp/,town
473821,沖縄県与那国町,municipality,沖縄県,https://www.town.yonaguni.okinawa.jp/,town
