name,type,region,base_url,target_url,parser_type,frequency,municipality_code,category,is_active
札幌市,municipality,北海道,,,heuristic,daily,011002,市区町村,True
函館市,municipality,北海道,,,heuristic,daily,012025,市区町村,True
小樽市,municipality,北海道,,,heuristic,daily,012033,市区町村,True
旭川市,municipality,北海道,,,heuristic,daily,012041,市区町村,True
室蘭市,municipality,北海道,,,heuristic,daily,012050,市区町村,True
釧路市,municipality,北海道,,,heuristic,daily,012068,市区町村,True
帯広市,municipality,北海道,,,heuristic,daily,012076,市区町村,True
北見市,municipality,北海道,,,heuristic,daily,012084,市区町村,True
夕張市,municipality,北海道,,,heuristic,daily,012092,市区町村,True
岩見沢市,municipality,北海道,,,heuristic,daily,012106,市区町村,True
網走市,municipality,北海道,,,heuristic,daily,012114,市区町村,True
留萌市,municipality,北海道,,,heuristic,daily,012122,市区町村,True
苫小牧市,municipality,北海道,,,heuristic,daily,012131,市区町村,True
稚内市,municipality,北海道,,,heuristic,daily,012149,市区町村,True
美唄市,municipality,北海道,,,heuristic,daily,012157,市区町村,True
芦別市,municipality,北海道,,,heuristic,daily,012165,市区町村,True
江別市,municipality,北海道,,,heuristic,daily,012173,市区町村,True
赤平市,municipality,北海道,,,heuristic,daily,012181,市区町村,True
紋別市,municipality,北海道,,,heuristic,daily,012190,市区町村,True
士別市,municipality,北海道,,,heuristic,daily,012203,市区町村,True
名寄市,municipality,北海道,,,heuristic,daily,012211,市区町村,True
三笠市,municipality,北海道,,,heuristic,daily,012220,市区町村,True
根室市,municipality,北海道,,,heuristic,daily,012238,市区町村,True
千歳市,municipality,北海道,,,heuristic,daily,012246,市区町村,True
滝川市,municipality,北海道,,,heuristic,daily,012254,市区町村,True
砂川市,municipality,北海道,,,heuristic,daily,012262,市区町村,True
歌志内市,municipality,北海道,,,heuristic,daily,012271,市区町村,True
深川市,municipality,北海道,,,heuristic,daily,012289,市区町村,True
富良野市,municipality,北海道,,,heuristic,daily,012297,市区町村,True
登別市,municipality,北海道,,,heuristic,daily,012301,市区町村,True
恵庭市,municipality,北海道,,,heuristic,daily,012319,市区町村,True
伊達市,municipality,北海道,,,heuristic,daily,012335,市区町村,True
北広島市,municipality,北海道,,,heuristic,daily,012343,市区町村,True
石狩市,municipality,北海道,,,heuristic,daily,012351,市区町村,True
北斗市,municipality,北海道,,,heuristic,daily,012360,市区町村,True
北海道当別町,municipality,北海道,,,heuristic,daily,013030,市区町村,True
北海道新篠津村,municipality,北海道,,,heuristic,daily,013048,市区町村,True
北海道松前町,municipality,北海道,,,heuristic,daily,013315,市区町村,True
北海道福島町,municipality,北海道,,,heuristic,daily,013323,市区町村,True
北海道知内町,municipality,北海道,,,heuristic,daily,013331,市区町村,True
北海道木古内町,municipality,北海道,,,heuristic,daily,013340,市区町村,True
北海道七飯町,municipality,北海道,,,heuristic,daily,013374,市区町村,True
北海道鹿部町,municipality,北海道,,,heuristic,daily,013439,市区町村,True
北海道森町,municipality,北海道,,,heuristic,daily,013455,市区町村,True
北海道八雲町,municipality,北海道,,,heuristic,daily,013463,市区町村,True
北海道長万部町,municipality,北海道,,,heuristic,daily,013471,市区町村,True
北海道江差町,municipality,北海道,,,heuristic,daily,013617,市区町村,True
北海道上ノ国町,municipality,北海道,,,heuristic,daily,013625,市区町村,True
北海道厚沢部町,municipality,北海道,,,heuristic,daily,013633,市区町村,True
北海道乙部町,municipality,北海道,,,heuristic,daily,013641,市区町村,True
北海道奥尻町,municipality,北海道,,,heuristic,daily,013676,市区町村,True
北海道今金町,municipality,北海道,,,heuristic,daily,013706,市区町村,True
北海道せたな町,municipality,北海道,,,heuristic,daily,013714,市区町村,True
北海道島牧村,municipality,北海道,,,heuristic,daily,013919,市区町村,True
北海道寿都町,municipality,北海道,,,heuristic,daily,013927,市区町村,True
北海道黒松内町,municipality,北海道,,,heuristic,daily,013935,市区町村,True
北海道蘭越町,municipality,北海道,,,heuristic,daily,013943,市区町村,True
北海道ニセコ町,municipality,北海道,,,heuristic,daily,013951,市区町村,True
北海道真狩村,municipality,北海道,,,heuristic,daily,013960,市区町村,True
北海道留寿都村,municipality,北海道,,,heuristic,daily,013978,市区町村,True
北海道喜茂別町,municipality,北海道,,,heuristic,daily,013986,市区町村,True
北海道京極町,municipality,北海道,,,heuristic,daily,013994,市区町村,True
北海道倶知安町,municipality,北海道,,,heuristic,daily,014001,市区町村,True
北海道共和町,municipality,北海道,,,heuristic,daily,014010,市区町村,True
北海道岩内町,municipality,北海道,,,heuristic,daily,014028,市区町村,True
北海道泊村,municipality,北海道,,,heuristic,daily,014036,市区町村,True
北海道神恵内村,municipality,北海道,,,heuristic,daily,014044,市区町村,True
北海道積丹町,municipality,北海道,,,heuristic,daily,014052,市区町村,True
北海道古平町,municipality,北海道,,,heuristic,daily,014061,市区町村,True
北海道仁木町,municipality,北海道,,,heuristic,daily,014079,市区町村,True
北海道余市町,municipality,北海道,,,heuristic,daily,014087,市区町村,True
北海道赤井川村,municipality,北海道,,,heuristic,daily,014095,市区町村,True
北海道南幌町,municipality,北海道,,,heuristic,daily,014231,市区町村,True
北海道奈井江町,municipality,北海道,,,heuristic,daily,014249,市区町村,True
北海道上砂川町,municipality,北海道,,,heuristic,daily,014257,市区町村,True
北海道由仁町,municipality,北海道,,,heuristic,daily,014273,市区町村,True
北海道長沼町,municipality,北海道,,,heuristic,daily,014281,市区町村,True
北海道栗山町,municipality,北海道,,,heuristic,daily,014290,市区町村,True
北海道月形町,municipality,北海道,,,heuristic,daily,014303,市区町村,True
北海道浦臼町,municipality,北海道,,,heuristic,daily,014311,市区町村,True
北海道新十津川町,municipality,北海道,,,heuristic,daily,014320,市区町村,True
北海道妹背牛町,municipality,北海道,,,heuristic,daily,014338,市区町村,True
北海道秩父別町,municipality,北海道,,,heuristic,daily,014346,市区町村,True
北海道雨竜町,municipality,北海道,,,heuristic,daily,014362,市区町村,True
北海道北竜町,municipality,北海道,,,heuristic,daily,014371,市区町村,True
北海道沼田町,municipality,北海道,,,heuristic,daily,014389,市区町村,True
北海道鷹栖町,municipality,北海道,,,heuristic,daily,014524,市区町村,True
北海道東神楽町,municipality,北海道,,,heuristic,daily,014532,市区町村,True
北海道当麻町,municipality,北海道,,,heuristic,daily,014541,市区町村,True
北海道比布町,municipality,北海道,,,heuristic,daily,014559,市区町村,True
北海道愛別町,municipality,北海道,,,heuristic,daily,014567,市区町村,True
北海道上川町,municipality,北海道,,,heuristic,daily,014575,市区町村,True
北海道東川町,municipality,北海道,,,heuristic,daily,014583,市区町村,True
北海道美瑛町,municipality,北海道,,,heuristic,daily,014591,市区町村,True
北海道上富良野町,municipality,北海道,,,heuristic,daily,014605,市区町村,True
北海道中富良野町,municipality,北海道,,,heuristic,daily,014613,市区町村,True
北海道南富良野町,municipality,北海道,,,heuristic,daily,014621,市区町村,True
北海道占冠村,municipality,北海道,,,heuristic,daily,014630,市区町村,True
北海道和寒町,municipality,北海道,,,heuristic,daily,014648,市区町村,True
北海道剣淵町,municipality,北海道,,,heuristic,daily,014656,市区町村,True
北海道下川町,municipality,北海道,,,heuristic,daily,014681,市区町村,True
北海道美深町,municipality,北海道,,,heuristic,daily,014699,市区町村,True
北海道音威子府村,municipality,北海道,,,heuristic,daily,014702,市区町村,True
北海道中川町,municipality,北海道,,,heuristic,daily,014711,市区町村,True
北海道幌加内町,municipality,北海道,,,heuristic,daily,014729,市区町村,True
北海道増毛町,municipality,北海道,,,heuristic,daily,014818,市区町村,True
北海道小平町,municipality,北海道,,,heuristic,daily,014826,市区町村,True
北海道苫前町,municipality,北海道,,,heuristic,daily,014834,市区町村,True
北海道羽幌町,municipality,北海道,,,heuristic,daily,014842,市区町村,True
北海道初山別村,municipality,北海道,,,heuristic,daily,014851,市区町村,True
北海道遠別町,municipality,北海道,,,heuristic,daily,014869,市区町村,True
北海道天塩町,municipality,北海道,,,heuristic,daily,014877,市区町村,True
北海道猿払村,municipality,北海道,,,heuristic,daily,015113,市区町村,True
北海道浜頓別町,municipality,北海道,,,heuristic,daily,015121,市区町村,True
北海道中頓別町,municipality,北海道,,,heuristic,daily,015130,市区町村,True
北海道枝幸町,municipality,北海道,,,heuristic,daily,015148,市区町村,True
北海道豊富町,municipality,北海道,,,heuristic,daily,015164,市区町村,True
北海道礼文町,municipality,北海道,,,heuristic,daily,015172,市区町村,True
北海道利尻町,municipality,北海道,,,heuristic,daily,015181,市区町村,True
北海道利尻富士町,municipality,北海道,,,heuristic,daily,015199,市区町村,True
北海道幌延町,municipality,北海道,,,heuristic,daily,015202,市区町村,True
北海道美幌町,municipality,北海道,,,heuristic,daily,015431,市区町村,True
北海道津別町,municipality,北海道,,,heuristic,daily,015440,市区町村,True
北海道斜里町,municipality,北海道,,,heuristic,daily,015458,市区町村,True
北海道清里町,municipality,北海道,,,heuristic,daily,015466,市区町村,True
北海道小清水町,municipality,北海道,,,heuristic,daily,015474,市区町村,True
北海道訓子府町,municipality,北海道,,,heuristic,daily,015491,市区町村,True
北海道置戸町,municipality,北海道,,,heuristic,daily,015504,市区町村,True
北海道佐呂間町,municipality,北海道,,,heuristic,daily,015521,市区町村,True
北海道遠軽町,municipality,北海道,,,heuristic,daily,015555,市区町村,True
北海道湧別町,municipality,北海道,,,heuristic,daily,015598,市区町村,True
北海道滝上町,municipality,北海道,,,heuristic,daily,015601,市区町村,True
北海道興部町,municipality,北海道,,,heuristic,daily,015610,市区町村,True
北海道西興部村,municipality,北海道,,,heuristic,daily,015628,市区町村,True
北海道雄武町,municipality,北海道,,,heuristic,daily,015636,市区町村,True
北海道大空町,municipality,北海道,,,heuristic,daily,015644,市区町村,True
北海道豊浦町,municipality,北海道,,,heuristic,daily,015717,市区町村,True
北海道壮瞥町,municipality,北海道,,,heuristic,daily,015750,市区町村,True
北海道白老町,municipality,北海道,,,heuristic,daily,015784,市区町村,True
北海道厚真町,municipality,北海道,,,heuristic,daily,015814,市区町村,True
北海道洞爺湖町,municipality,北海道,,,heuristic,daily,015849,市区町村,True
北海道安平町,municipality,北海道,,,heuristic,daily,015857,市区町村,True
北海道むかわ町,municipality,北海道,,,heuristic,daily,015865,市区町村,True
北海道日高町,municipality,北海道,,,heuristic,daily,016012,市区町村,True
北海道平取町,municipality,北海道,,,heuristic,daily,016021,市区町村,True
北海道新冠町,municipality,北海道,,,heuristic,daily,016047,市区町村,True
北海道浦河町,municipality,北海道,,,heuristic,daily,016071,市区町村,True
北海道様似町,municipality,北海道,,,heuristic,daily,016080,市区町村,True
北海道えりも町,municipality,北海道,,,heuristic,daily,016098,市区町村,True
北海道新ひだか町,municipality,北海道,,,heuristic,daily,016101,市区町村,True
北海道音更町,municipality,北海道,,,heuristic,daily,016314,市区町村,True
北海道士幌町,municipality,北海道,,,heuristic,daily,016322,市区町村,True
北海道上士幌町,municipality,北海道,,,heuristic,daily,016331,市区町村,True
北海道鹿追町,municipality,北海道,,,heuristic,daily,016349,市区町村,True
北海道新得町,municipality,北海道,,,heuristic,daily,016357,市区町村,True
北海道清水町,municipality,北海道,,,heuristic,daily,016365,市区町村,True
北海道芽室町,municipality,北海道,,,heuristic,daily,016373,市区町村,True
北海道中札内村,municipality,北海道,,,heuristic,daily,016381,市区町村,True
北海道更別村,municipality,北海道,,,heuristic,daily,016390,市区町村,True
北海道大樹町,municipality,北海道,,,heuristic,daily,016411,市区町村,True
北海道広尾町,municipality,北海道,,,heuristic,daily,016420,市区町村,True
北海道幕別町,municipality,北海道,,,heuristic,daily,016438,市区町村,True
北海道池田町,municipality,北海道,,,heuristic,daily,016446,市区町村,True
北海道豊頃町,municipality,北海道,,,heuristic,daily,016454,市区町村,True
北海道本別町,municipality,北海道,,,heuristic,daily,016462,市区町村,True
北海道足寄町,municipality,北海道,,,heuristic,daily,016471,市区町村,True
北海道陸別町,municipality,北海道,,,heuristic,daily,016489,市区町村,True
北海道浦幌町,municipality,北海道,,,heuristic,daily,016497,市区町村,True
北海道釧路町,municipality,北海道,,,heuristic,daily,016616,市区町村,True
北海道厚岸町,municipality,北海道,,,heuristic,daily,016624,市区町村,True
北海道浜中町,municipality,北海道,,,heuristic,daily,016632,市区町村,True
北海道標茶町,municipality,北海道,,,heuristic,daily,016641,市区町村,True
北海道弟子屈町,municipality,北海道,,,heuristic,daily,016659,市区町村,True
北海道鶴居村,municipality,北海道,,,heuristic,daily,016675,市区町村,True
北海道白糠町,municipality,北海道,,,heuristic,daily,016683,市区町村,True
北海道別海町,municipality,北海道,,,heuristic,daily,016918,市区町村,True
北海道中標津町,municipality,北海道,,,heuristic,daily,016926,市区町村,True
北海道標津町,municipality,北海道,,,heuristic,daily,016934,市区町村,True
北海道羅臼町,municipality,北海道,,,heuristic,daily,016942,市区町村,True
青森市,municipality,青森県,,,heuristic,daily,022012,市区町村,True
弘前市,municipality,青森県,,,heuristic,daily,022021,市区町村,True
八戸市,municipality,青森県,,,heuristic,daily,022039,市区町村,True
黒石市,municipality,青森県,,,heuristic,daily,022047,市区町村,True
五所川原市,municipality,青森県,,,heuristic,daily,022055,市区町村,True
十和田市,municipality,青森県,,,heuristic,daily,022063,市区町村,True
三沢市,municipality,青森県,,,heuristic,daily,022071,市区町村,True
むつ市,municipality,青森県,,,heuristic,daily,022080,市区町村,True
つがる市,municipality,青森県,,,heuristic,daily,022098,市区町村,True
平川市,municipality,青森県,,,heuristic,daily,022101,市区町村,True
青森県平内町,municipality,青森県,,,heuristic,daily,023019,市区町村,True
青森県今別町,municipality,青森県,,,heuristic,daily,023035,市区町村,True
青森県蓬田村,municipality,青森県,,,heuristic,daily,023043,市区町村,True
青森県外ヶ浜町,municipality,青森県,,,heuristic,daily,023078,市区町村,True
青森県鰺ヶ沢町,municipality,青森県,,,heuristic,daily,023213,市区町村,True
青森県深浦町,municipality,青森県,,,heuristic,daily,023230,市区町村,True
青森県西目屋村,municipality,青森県,,,heuristic,daily,023434,市区町村,True
青森県藤崎町,municipality,青森県,,,heuristic,daily,023612,市区町村,True
青森県大鰐町,municipality,青森県,,,heuristic,daily,023621,市区町村,True
青森県田舎館村,municipality,青森県,,,heuristic,daily,023671,市区町村,True
青森県板柳町,municipality,青森県,,,heuristic,daily,023817,市区町村,True
青森県鶴田町,municipality,青森県,,,heuristic,daily,023841,市区町村,True
青森県中泊町,municipality,青森県,,,heuristic,daily,023876,市区町村,True
青森県野辺地町,municipality,青森県,,,heuristic,daily,024015,市区町村,True
青森県七戸町,municipality,青森県,,,heuristic,daily,024023,市区町村,True
青森県六戸町,municipality,青森県,,,heuristic,daily,024058,市区町村,True
青森県横浜町,municipality,青森県,,,heuristic,daily,024066,市区町村,True
青森県東北町,municipality,青森県,,,heuristic,daily,024082,市区町村,True
青森県六ヶ所村,municipality,青森県,,,heuristic,daily,024112,市区町村,True
青森県おいらせ町,municipality,青森県,,,heuristic,daily,024121,市区町村,True
青森県大間町,municipality,青森県,,,heuristic,daily,024236,市区町村,True
青森県東通村,municipality,青森県,,,heuristic,daily,024244,市区町村,True
青森県風間浦村,municipality,青森県,,,heuristic,daily,024252,市区町村,True
青森県佐井村,municipality,青森県,,,heuristic,daily,024261,市区町村,True
青森県三戸町,municipality,青森県,,,heuristic,daily,024414,市区町村,True
青森県五戸町,municipality,青森県,,,heuristic,daily,024422,市区町村,True
青森県田子町,municipality,青森県,,,heuristic,daily,024431,市区町村,True
青森県南部町,municipality,青森県,,,heuristic,daily,024457,市区町村,True
青森県階上町,municipality,青森県,,,heuristic,daily,024465,市区町村,True
青森県新郷村,municipality,青森県,,,heuristic,daily,024503,市区町村,True
盛岡市,municipality,岩手県,,,heuristic,daily,032018,市区町村,True
宮古市,municipality,岩手県,,,heuristic,daily,032026,市区町村,True
大船渡市,municipality,岩手県,,,heuristic,daily,032034,市区町村,True
花巻市,municipality,岩手県,,,heuristic,daily,032051,市区町村,True
北上市,municipality,岩手県,,,heuristic,daily,032069,市区町村,True
久慈市,municipality,岩手県,,,heuristic,daily,032077,市区町村,True
遠野市,municipality,岩手県,,,heuristic,daily,032085,市区町村,True
一関市,municipality,岩手県,,,heuristic,daily,032093,市区町村,True
陸前高田市,municipality,岩手県,,,heuristic,daily,032107,市区町村,True
釜石市,municipality,岩手県,,,heuristic,daily,032115,市区町村,True
二戸市,municipality,岩手県,,,heuristic,daily,032131,市区町村,True
八幡平市,municipality,岩手県,,,heuristic,daily,032140,市区町村,True
奥州市,municipality,岩手県,,,heuristic,daily,032158,市区町村,True
滝沢市,municipality,岩手県,,,heuristic,daily,032166,市区町村,True
岩手県雫石町,municipality,岩手県,,,heuristic,daily,033014,市区町村,True
岩手県葛巻町,municipality,岩手県,,,heuristic,daily,033022,市区町村,True
岩手県岩手町,municipality,岩手県,,,heuristic,daily,033031,市区町村,True
岩手県紫波町,municipality,岩手県,,,heuristic,daily,033219,市区町村,True
岩手県矢巾町,municipality,岩手県,,,heuristic,daily,033227,市区町村,True
岩手県西和賀町,municipality,岩手県,,,heuristic,daily,033669,市区町村,True
岩手県金ケ崎町,municipality,岩手県,,,heuristic,daily,033812,市区町村,True
岩手県平泉町,municipality,岩手県,,,heuristic,daily,034029,市区町村,True
岩手県住田町,municipality,岩手県,,,heuristic,daily,034410,市区町村,True
岩手県大槌町,municipality,岩手県,,,heuristic,daily,034614,市区町村,True
岩手県山田町,municipality,岩手県,,,heuristic,daily,034827,市区町村,True
岩手県岩泉町,municipality,岩手県,,,heuristic,daily,034835,市区町村,True
岩手県田野畑村,municipality,岩手県,,,heuristic,daily,034843,市区町村,True
岩手県普代村,municipality,岩手県,,,heuristic,daily,034851,市区町村,True
岩手県軽米町,municipality,岩手県,,,heuristic,daily,035017,市区町村,True
岩手県野田村,municipality,岩手県,,,heuristic,daily,035033,市区町村,True
岩手県九戸村,municipality,岩手県,,,heuristic,daily,035068,市区町村,True
岩手県洋野町,municipality,岩手県,,,heuristic,daily,035076,市区町村,True
岩手県一戸町,municipality,岩手県,,,heuristic,daily,035246,市区町村,True
仙台市,municipality,宮城県,,,heuristic,daily,041009,市区町村,True
石巻市,municipality,宮城県,,,heuristic,daily,042021,市区町村,True
塩竈市,municipality,宮城県,,,heuristic,daily,042030,市区町村,True
気仙沼市,municipality,宮城県,,,heuristic,daily,042056,市区町村,True
白石市,municipality,宮城県,,,heuristic,daily,042064,市区町村,True
名取市,municipality,宮城県,,,heuristic,daily,042072,市区町村,True
角田市,municipality,宮城県,,,heuristic,daily,042081,市区町村,True
多賀城市,municipality,宮城県,,,heuristic,daily,042099,市区町村,True
岩沼市,municipality,宮城県,,,heuristic,daily,042111,市区町村,True
登米市,municipality,宮城県,,,heuristic,daily,042129,市区町村,True
栗原市,municipality,宮城県,,,heuristic,daily,042137,市区町村,True
東松島市,municipality,宮城県,,,heuristic,daily,042145,市区町村,True
大崎市,municipality,宮城県,,,heuristic,daily,042153,市区町村,True
富谷市,municipality,宮城県,,,heuristic,daily,042161,市区町村,True
宮城県蔵王町,municipality,宮城県,,,heuristic,daily,043010,市区町村,True
宮城県七ヶ宿町,municipality,宮城県,,,heuristic,daily,043028,市区町村,True
宮城県大河原町,municipality,宮城県,,,heuristic,daily,043214,市区町村,True
宮城県村田町,municipality,宮城県,,,heuristic,daily,043222,市区町村,True
宮城県柴田町,municipality,宮城県,,,heuristic,daily,043231,市区町村,True
宮城県川崎町,municipality,宮城県,,,heuristic,daily,043249,市区町村,True
宮城県丸森町,municipality,宮城県,,,heuristic,daily,043419,市区町村,True
宮城県亘理町,municipality,宮城県,,,heuristic,daily,043613,市区町村,True
宮城県山元町,municipality,宮城県,,,heuristic,daily,043621,市区町村,True
宮城県松島町,municipality,宮城県,,,heuristic,daily,044016,市区町村,True
宮城県七ヶ浜町,municipality,宮城県,,,heuristic,daily,044041,市区町村,True
宮城県利府町,municipality,宮城県,,,heuristic,daily,044067,市区町村,True
宮城県大和町,municipality,宮城県,,,heuristic,daily,044211,市区町村,True
宮城県大郷町,municipality,宮城県,,,heuristic,daily,044229,市区町村,True
宮城県大衡村,municipality,宮城県,,,heuristic,daily,044245,市区町村,True
宮城県色麻町,municipality,宮城県,,,heuristic,daily,044440,市区町村,True
宮城県加美町,municipality,宮城県,,,heuristic,daily,044458,市区町村,True
宮城県涌谷町,municipality,宮城県,,,heuristic,daily,045012,市区町村,True
宮城県美里町,municipality,宮城県,,,heuristic,daily,045055,市区町村,True
宮城県女川町,municipality,宮城県,,,heuristic,daily,045811,市区町村,True
宮城県南三陸町,municipality,宮城県,,,heuristic,daily,046060,市区町村,True
秋田市,municipality,秋田県,,,heuristic,daily,052019,市区町村,True
能代市,municipality,秋田県,,,heuristic,daily,052027,市区町村,True
横手市,municipality,秋田県,,,heuristic,daily,052035,市区町村,True
大館市,municipality,秋田県,,,heuristic,daily,052043,市区町村,True
男鹿市,municipality,秋田県,,,heuristic,daily,052060,市区町村,True
湯沢市,municipality,秋田県,,,heuristic,daily,052078,市区町村,True
鹿角市,municipality,秋田県,,,heuristic,daily,052094,市区町村,True
由利本荘市,municipality,秋田県,,,heuristic,daily,052108,市区町村,True
潟上市,municipality,秋田県,,,heuristic,daily,052116,市区町村,True
大仙市,municipality,秋田県,,,heuristic,daily,052124,市区町村,True
北秋田市,municipality,秋田県,,,heuristic,daily,052132,市区町村,True
にかほ市,municipality,秋田県,,,heuristic,daily,052141,市区町村,True
仙北市,municipality,秋田県,,,heuristic,daily,052159,市区町村,True
秋田県小坂町,municipality,秋田県,,,heuristic,daily,053031,市区町村,True
秋田県上小阿仁村,municipality,秋田県,,,heuristic,daily,053279,市区町村,True
秋田県藤里町,municipality,秋田県,,,heuristic,daily,053465,市区町村,True
秋田県三種町,municipality,秋田県,,,heuristic,daily,053481,市区町村,True
秋田県八峰町,municipality,秋田県,,,heuristic,daily,053490,市区町村,True
秋田県五城目町,municipality,秋田県,,,heuristic,daily,053619,市区町村,True
秋田県八郎潟町,municipality,秋田県,,,heuristic,daily,053635,市区町村,True
秋田県井川町,municipality,秋田県,,,heuristic,daily,053660,市区町村,True
秋田県大潟村,municipality,秋田県,,,heuristic,daily,053686,市区町村,True
秋田県美郷町,municipality,秋田県,,,heuristic,daily,054348,市区町村,True
秋田県羽後町,municipality,秋田県,,,heuristic,daily,054631,市区町村,True
秋田県東成瀬村,municipality,秋田県,,,heuristic,daily,054640,市区町村,True
山形市,municipality,山形県,,,heuristic,daily,062014,市区町村,True
米沢市,municipality,山形県,,,heuristic,daily,062022,市区町村,True
鶴岡市,municipality,山形県,,,heuristic,daily,062031,市区町村,True
酒田市,municipality,山形県,,,heuristic,daily,062049,市区町村,True
新庄市,municipality,山形県,,,heuristic,daily,062057,市区町村,True
寒河江市,municipality,山形県,,,heuristic,daily,062065,市区町村,True
上山市,municipality,山形県,,,heuristic,daily,062073,市区町村,True
村山市,municipality,山形県,,,heuristic,daily,062081,市区町村,True
長井市,municipality,山形県,,,heuristic,daily,062090,市区町村,True
天童市,municipality,山形県,,,heuristic,daily,062103,市区町村,True
東根市,municipality,山形県,,,heuristic,daily,062111,市区町村,True
尾花沢市,municipality,山形県,,,heuristic,daily,062120,市区町村,True
南陽市,municipality,山形県,,,heuristic,daily,062138,市区町村,True
山形県山辺町,municipality,山形県,,,heuristic,daily,063011,市区町村,True
山形県中山町,municipality,山形県,,,heuristic,daily,063029,市区町村,True
山形県河北町,municipality,山形県,,,heuristic,daily,063215,市区町村,True
山形県西川町,municipality,山形県,,,heuristic,daily,063223,市区町村,True
山形県朝日町,municipality,山形県,,,heuristic,daily,063231,市区町村,True
山形県大江町,municipality,山形県,,,heuristic,daily,063240,市区町村,True
山形県大石田町,municipality,山形県,,,heuristic,daily,063410,市区町村,True
山形県金山町,municipality,山形県,,,heuristic,daily,063614,市区町村,True
山形県最上町,municipality,山形県,,,heuristic,daily,063622,市区町村,True
山形県舟形町,municipality,山形県,,,heuristic,daily,063631,市区町村,True
山形県真室川町,municipality,山形県,,,heuristic,daily,063649,市区町村,True
山形県大蔵村,municipality,山形県,,,heuristic,daily,063657,市区町村,True
山形県鮭川村,municipality,山形県,,,heuristic,daily,063665,市区町村,True
山形県戸沢村,municipality,山形県,,,heuristic,daily,063673,市区町村,True
山形県高畠町,municipality,山形県,,,heuristic,daily,063819,市区町村,True
山形県川西町,municipality,山形県,,,heuristic,daily,063827,市区町村,True
山形県小国町,municipality,山形県,,,heuristic,daily,064017,市区町村,True
山形県白鷹町,municipality,山形県,,,heuristic,daily,064025,市区町村,True
山形県飯豊町,municipality,山形県,,,heuristic,daily,064033,市区町村,True
山形県三川町,municipality,山形県,,,heuristic,daily,064262,市区町村,True
山形県庄内町,municipality,山形県,,,heuristic,daily,064289,市区町村,True
山形県遊佐町,municipality,山形県,,,heuristic,daily,064611,市区町村,True
福島市,municipality,福島県,,,heuristic,daily,072010,市区町村,True
会津若松市,municipality,福島県,,,heuristic,daily,072028,市区町村,True
郡山市,municipality,福島県,,,heuristic,daily,072036,市区町村,True
いわき市,municipality,福島県,,,heuristic,daily,072044,市区町村,True
白河市,municipality,福島県,,,heuristic,daily,072052,市区町村,True
須賀川市,municipality,福島県,,,heuristic,daily,072079,市区町村,True
喜多方市,municipality,福島県,,,heuristic,daily,072087,市区町村,True
相馬市,municipality,福島県,,,heuristic,daily,072095,市区町村,True
二本松市,municipality,福島県,,,heuristic,daily,072109,市区町村,True
田村市,municipality,福島県,,,heuristic,daily,072117,市区町村,True
南相馬市,municipality,福島県,,,heuristic,daily,072125,市区町村,True
伊達市,municipality,福島県,,,heuristic,daily,072133,市区町村,True
本宮市,municipality,福島県,,,heuristic,daily,072141,市区町村,True
福島県桑折町,municipality,福島県,,,heuristic,daily,073016,市区町村,True
福島県国見町,municipality,福島県,,,heuristic,daily,073032,市区町村,True
福島県川俣町,municipality,福島県,,,heuristic,daily,073083,市区町村,True
福島県大玉村,municipality,福島県,,,heuristic,daily,073229,市区町村,True
福島県鏡石町,municipality,福島県,,,heuristic,daily,073423,市区町村,True
福島県天栄村,municipality,福島県,,,heuristic,daily,073440,市区町村,True
福島県下郷町,municipality,福島県,,,heuristic,daily,073628,市区町村,True
福島県檜枝岐村,municipality,福島県,,,heuristic,daily,073644,市区町村,True
福島県只見町,municipality,福島県,,,heuristic,daily,073679,市区町村,True
福島県南会津町,municipality,福島県,,,heuristic,daily,073687,市区町村,True
福島県北塩原村,municipality,福島県,,,heuristic,daily,074021,市区町村,True
福島県西会津町,municipality,福島県,,,heuristic,daily,074055,市区町村,True
福島県磐梯町,municipality,福島県,,,heuristic,daily,074071,市区町村,True
福島県猪苗代町,municipality,福島県,,,heuristic,daily,074080,市区町村,True
福島県会津坂下町,municipality,福島県,,,heuristic,daily,074217,市区町村,True
福島県湯川村,municipality,福島県,,,heuristic,daily,074225,市区町村,True
福島県柳津町,municipality,福島県,,,heuristic,daily,074233,市区町村,True
福島県三島町,municipality,福島県,,,heuristic,daily,074446,市区町村,True
福島県金山町,municipality,福島県,,,heuristic,daily,074454,市区町村,True
福島県昭和村,municipality,福島県,,,heuristic,daily,074462,市区町村,True
福島県会津美里町,municipality,福島県,,,heuristic,daily,074471,市区町村,True
福島県西郷村,municipality,福島県,,,heuristic,daily,074616,市区町村,True
福島県泉崎村,municipality,福島県,,,heuristic,daily,074641,市区町村,True
福島県中島村,municipality,福島県,,,heuristic,daily,074659,市区町村,True
福島県矢吹町,municipality,福島県,,,heuristic,daily,074667,市区町村,True
福島県棚倉町,municipality,福島県,,,heuristic,daily,074811,市区町村,True
福島県矢祭町,municipality,福島県,,,heuristic,daily,074829,市区町村,True
福島県塙町,municipality,福島県,,,heuristic,daily,074837,市区町村,True
福島県鮫川村,municipality,福島県,,,heuristic,daily,074845,市区町村,True
福島県石川町,municipality,福島県,,,heuristic,daily,075019,市区町村,True
福島県玉川村,municipality,福島県,,,heuristic,daily,075027,市区町村,True
福島県平田村,municipality,福島県,,,heuristic,daily,075035,市区町村,True
福島県浅川町,municipality,福島県,,,heuristic,daily,075043,市区町村,True
福島県古殿町,municipality,福島県,,,heuristic,daily,075051,市区町村,True
福島県三春町,municipality,福島県,,,heuristic,daily,075213,市区町村,True
福島県小野町,municipality,福島県,,,heuristic,daily,075221,市区町村,True
福島県広野町,municipality,福島県,,,heuristic,daily,075418,市区町村,True
福島県楢葉町,municipality,福島県,,,heuristic,daily,075426,市区町村,True
福島県富岡町,municipality,福島県,,,heuristic,daily,075434,市区町村,True
福島県川内村,municipality,福島県,,,heuristic,daily,075442,市区町村,True
福島県大熊町,municipality,福島県,,,heuristic,daily,075451,市区町村,True
福島県双葉町,municipality,福島県,,,heuristic,daily,075469,市区町村,True
福島県浪江町,municipality,福島県,,,heuristic,daily,075477,市区町村,True
福島県葛尾村,municipality,福島県,,,heuristic,daily,075485,市区町村,True
福島県新地町,municipality,福島県,,,heuristic,daily,075612,市区町村,True
福島県飯舘村,municipality,福島県,,,heuristic,daily,075647,市区町村,True
水戸市,municipality,茨城県,,,heuristic,daily,082015,市区町村,True
日立市,municipality,茨城県,,,heuristic,daily,082023,市区町村,True
土浦市,municipality,茨城県,,,heuristic,daily,082031,市区町村,True
古河市,municipality,茨城県,,,heuristic,daily,082040,市区町村,True
石岡市,municipality,茨城県,,,heuristic,daily,082058,市区町村,True
結城市,municipality,茨城県,,,heuristic,daily,082074,市区町村,True
龍ケ崎市,municipality,茨城県,,,heuristic,daily,082082,市区町村,True
下妻市,municipality,茨城県,,,heuristic,daily,082104,市区町村,True
常総市,municipality,茨城県,,,heuristic,daily,082112,市区町村,True
常陸太田市,municipality,茨城県,,,heuristic,daily,082121,市区町村,True
高萩市,municipality,茨城県,,,heuristic,daily,082147,市区町村,True
北茨城市,municipality,茨城県,,,heuristic,daily,082155,市区町村,True
笠間市,municipality,茨城県,,,heuristic,daily,082163,市区町村,True
取手市,municipality,茨城県,,,heuristic,daily,082171,市区町村,True
牛久市,municipality,茨城県,,,heuristic,daily,082198,市区町村,True
つくば市,municipality,茨城県,,,heuristic,daily,082201,市区町村,True
ひたちなか市,municipality,茨城県,,,heuristic,daily,082210,市区町村,True
鹿嶋市,municipality,茨城県,,,heuristic,daily,082228,市区町村,True
潮来市,municipality,茨城県,,,heuristic,daily,082236,市区町村,True
守谷市,municipality,茨城県,,,heuristic,daily,082244,市区町村,True
常陸大宮市,municipality,茨城県,,,heuristic,daily,082252,市区町村,True
那珂市,municipality,茨城県,,,heuristic,daily,082261,市区町村,True
筑西市,municipality,茨城県,,,heuristic,daily,082279,市区町村,True
坂東市,municipality,茨城県,,,heuristic,daily,082287,市区町村,True
稲敷市,municipality,茨城県,,,heuristic,daily,082295,市区町村,True
かすみがうら市,municipality,茨城県,,,heuristic,daily,082309,市区町村,True
桜川市,municipality,茨城県,,,heuristic,daily,082317,市区町村,True
神栖市,municipality,茨城県,,,heuristic,daily,082325,市区町村,True
行方市,municipality,茨城県,,,heuristic,daily,082333,市区町村,True
鉾田市,municipality,茨城県,,,heuristic,daily,082341,市区町村,True
つくばみらい市,municipality,茨城県,,,heuristic,daily,082350,市区町村,True
小美玉市,municipality,茨城県,,,heuristic,daily,082368,市区町村,True
茨城県茨城町,municipality,茨城県,,,heuristic,daily,083020,市区町村,True
茨城県大洗町,municipality,茨城県,,,heuristic,daily,083097,市区町村,True
茨城県城里町,municipality,茨城県,,,heuristic,daily,083101,市区町村,True
茨城県東海村,municipality,茨城県,,,heuristic,daily,083411,市区町村,True
茨城県大子町,municipality,茨城県,,,heuristic,daily,083640,市区町村,True
茨城県美浦村,municipality,茨城県,,,heuristic,daily,084425,市区町村,True
茨城県阿見町,municipality,茨城県,,,heuristic,daily,084433,市区町村,True
茨城県河内町,municipality,茨城県,,,heuristic,daily,084476,市区町村,True
茨城県八千代町,municipality,茨城県,,,heuristic,daily,085219,市区町村,True
茨城県五霞町,municipality,茨城県,,,heuristic,daily,085421,市区町村,True
茨城県境町,municipality,茨城県,,,heuristic,daily,085464,市区町村,True
茨城県利根町,municipality,茨城県,,,heuristic,daily,085642,市区町村,True
宇都宮市,municipality,栃木県,,,heuristic,daily,092011,市区町村,True
足利市,municipality,栃木県,,,heuristic,daily,092029,市区町村,True
栃木市,municipality,栃木県,,,heuristic,daily,092037,市区町村,True
佐野市,municipality,栃木県,,,heuristic,daily,092045,市区町村,True
鹿沼市,municipality,栃木県,,,heuristic,daily,092053,市区町村,True
日光市,municipality,栃木県,,,heuristic,daily,092061,市区町村,True
小山市,municipality,栃木県,,,heuristic,daily,092088,市区町村,True
真岡市,municipality,栃木県,,,heuristic,daily,092096,市区町村,True
大田原市,municipality,栃木県,,,heuristic,daily,092100,市区町村,True
矢板市,municipality,栃木県,,,heuristic,daily,092118,市区町村,True
那須塩原市,municipality,栃木県,,,heuristic,daily,092134,市区町村,True
さくら市,municipality,栃木県,,,heuristic,daily,092142,市区町村,True
那須烏山市,municipality,栃木県,,,heuristic,daily,092151,市区町村,True
下野市,municipality,栃木県,,,heuristic,daily,092169,市区町村,True
栃木県上三川町,municipality,栃木県,,,heuristic,daily,093017,市区町村,True
栃木県益子町,municipality,栃木県,,,heuristic,daily,093424,市区町村,True
栃木県茂木町,municipality,栃木県,,,heuristic,daily,093432,市区町村,True
栃木県市貝町,municipality,栃木県,,,heuristic,daily,093441,市区町村,True
栃木県芳賀町,municipality,栃木県,,,heuristic,daily,093459,市区町村,True
栃木県壬生町,municipality,栃木県,,,heuristic,daily,093611,市区町村,True
栃木県野木町,municipality,栃木県,,,heuristic,daily,093645,市区町村,True
栃木県塩谷町,municipality,栃木県,,,heuristic,daily,093840,市区町村,True
栃木県高根沢町,municipality,栃木県,,,heuristic,daily,093866,市区町村,True
栃木県那須町,municipality,栃木県,,,heuristic,daily,094072,市区町村,True
栃木県那珂川町,municipality,栃木県,,,heuristic,daily,094111,市区町村,True
前橋市,municipality,群馬県,,,heuristic,daily,102016,市区町村,True
高崎市,municipality,群馬県,,,heuristic,daily,102024,市区町村,True
桐生市,municipality,群馬県,,,heuristic,daily,102032,市区町村,True
伊勢崎市,municipality,群馬県,,,heuristic,daily,102041,市区町村,True
太田市,municipality,群馬県,,,heuristic,daily,102059,市区町村,True
沼田市,municipality,群馬県,,,heuristic,daily,102067,市区町村,True
館林市,municipality,群馬県,,,heuristic,daily,102075,市区町村,True
渋川市,municipality,群馬県,,,heuristic,daily,102083,市区町村,True
藤岡市,municipality,群馬県,,,heuristic,daily,102091,市区町村,True
富岡市,municipality,群馬県,,,heuristic,daily,102105,市区町村,True
安中市,municipality,群馬県,,,heuristic,daily,102113,市区町村,True
みどり市,municipality,群馬県,,,heuristic,daily,102121,市区町村,True
群馬県榛東村,municipality,群馬県,,,heuristic,daily,103446,市区町村,True
群馬県吉岡町,municipality,群馬県,,,heuristic,daily,103454,市区町村,True
群馬県上野村,municipality,群馬県,,,heuristic,daily,103667,市区町村,True
群馬県神流町,municipality,群馬県,,,heuristic,daily,103675,市区町村,True
群馬県下仁田町,municipality,群馬県,,,heuristic,daily,103829,市区町村,True
群馬県南牧村,municipality,群馬県,,,heuristic,daily,103837,市区町村,True
群馬県甘楽町,municipality,群馬県,,,heuristic,daily,103845,市区町村,True
群馬県中之条町,municipality,群馬県,,,heuristic,daily,104213,市区町村,True
群馬県長野原町,municipality,群馬県,,,heuristic,daily,104248,市区町村,True
群馬県嬬恋村,municipality,群馬県,,,heuristic,daily,104256,市区町村,True
群馬県草津町,municipality,群馬県,,,heuristic,daily,104264,市区町村,True
群馬県高山村,municipality,群馬県,,,heuristic,daily,104281,市区町村,True
群馬県東吾妻町,municipality,群馬県,,,heuristic,daily,104299,市区町村,True
群馬県片品村,municipality,群馬県,,,heuristic,daily,104434,市区町村,True
群馬県川場村,municipality,群馬県,,,heuristic,daily,104442,市区町村,True
群馬県昭和村,municipality,群馬県,,,heuristic,daily,104485,市区町村,True
群馬県みなかみ町,municipality,群馬県,,,heuristic,daily,104493,市区町村,True
群馬県玉村町,municipality,群馬県,,,heuristic,daily,104647,市区町村,True
群馬県板倉町,municipality,群馬県,,,heuristic,daily,105210,市区町村,True
群馬県明和町,municipality,群馬県,,,heuristic,daily,105228,市区町村,True
群馬県千代田町,municipality,群馬県,,,heuristic,daily,105236,市区町村,True
群馬県大泉町,municipality,群馬県,,,heuristic,daily,105244,市区町村,True
群馬県邑楽町,municipality,群馬県,,,heuristic,daily,105252,市区町村,True
さいたま市,municipality,埼玉県,,,heuristic,daily,111007,市区町村,True
川越市,municipality,埼玉県,,,heuristic,daily,112011,市区町村,True
熊谷市,municipality,埼玉県,,,heuristic,daily,112020,市区町村,True
川口市,municipality,埼玉県,,,heuristic,daily,112038,市区町村,True
行田市,municipality,埼玉県,,,heuristic,daily,112062,市区町村,True
秩父市,municipality,埼玉県,,,heuristic,daily,112071,市区町村,True
所沢市,municipality,埼玉県,,,heuristic,daily,112089,市区町村,True
飯能市,municipality,埼玉県,,,heuristic,daily,112097,市区町村,True
加須市,municipality,埼玉県,,,heuristic,daily,112101,市区町村,True
本庄市,municipality,埼玉県,,,heuristic,daily,112119,市区町村,True
東松山市,municipality,埼玉県,,,heuristic,daily,112127,市区町村,True
春日部市,municipality,埼玉県,,,heuristic,daily,112143,市区町村,True
狭山市,municipality,埼玉県,,,heuristic,daily,112151,市区町村,True
羽生市,municipality,埼玉県,,,heuristic,daily,112160,市区町村,True
鴻巣市,municipality,埼玉県,,,heuristic,daily,112178,市区町村,True
深谷市,municipality,埼玉県,,,heuristic,daily,112186,市区町村,True
上尾市,municipality,埼玉県,,,heuristic,daily,112194,市区町村,True
草加市,municipality,埼玉県,,,heuristic,daily,112216,市区町村,True
越谷市,municipality,埼玉県,,,heuristic,daily,112224,市区町村,True
蕨市,municipality,埼玉県,,,heuristic,daily,112232,市区町村,True
戸田市,municipality,埼玉県,,,heuristic,daily,112241,市区町村,True
入間市,municipality,埼玉県,,,heuristic,daily,112259,市区町村,True
朝霞市,municipality,埼玉県,,,heuristic,daily,112275,市区町村,True
志木市,municipality,埼玉県,,,heuristic,daily,112283,市区町村,True
和光市,municipality,埼玉県,,,heuristic,daily,112291,市区町村,True
新座市,municipality,埼玉県,,,heuristic,daily,112305,市区町村,True
桶川市,municipality,埼玉県,,,heuristic,daily,112313,市区町村,True
久喜市,municipality,埼玉県,,,heuristic,daily,112321,市区町村,True
北本市,municipality,埼玉県,,,heuristic,daily,112330,市区町村,True
八潮市,municipality,埼玉県,,,heuristic,daily,112348,市区町村,True
富士見市,municipality,埼玉県,,,heuristic,daily,112356,市区町村,True
三郷市,municipality,埼玉県,,,heuristic,daily,112372,市区町村,True
蓮田市,municipality,埼玉県,,,heuristic,daily,112381,市区町村,True
坂戸市,municipality,埼玉県,,,heuristic,daily,112399,市区町村,True
幸手市,municipality,埼玉県,,,heuristic,daily,112402,市区町村,True
鶴ヶ島市,municipality,埼玉県,,,heuristic,daily,112411,市区町村,True
日高市,municipality,埼玉県,,,heuristic,daily,112429,市区町村,True
吉川市,municipality,埼玉県,,,heuristic,daily,112437,市区町村,True
ふじみ野市,municipality,埼玉県,,,heuristic,daily,112453,市区町村,True
白岡市,municipality,埼玉県,,,heuristic,daily,112461,市区町村,True
埼玉県伊奈町,municipality,埼玉県,,,heuristic,daily,113018,市区町村,True
埼玉県三芳町,municipality,埼玉県,,,heuristic,daily,113247,市区町村,True
埼玉県毛呂山町,municipality,埼玉県,,,heuristic,daily,113263,市区町村,True
埼玉県越生町,municipality,埼玉県,,,heuristic,daily,113271,市区町村,True
埼玉県滑川町,municipality,埼玉県,,,heuristic,daily,113417,市区町村,True
埼玉県嵐山町,municipality,埼玉県,,,heuristic,daily,113425,市区町村,True
埼玉県小川町,municipality,埼玉県,,,heuristic,daily,113433,市区町村,True
埼玉県川島町,municipality,埼玉県,,,heuristic,daily,113468,市区町村,True
埼玉県吉見町,municipality,埼玉県,,,heuristic,daily,113476,市区町村,True
埼玉県鳩山町,municipality,埼玉県,,,heuristic,daily,113484,市区町村,True
埼玉県ときがわ町,municipality,埼玉県,,,heuristic,daily,113492,市区町村,True
埼玉県横瀬町,municipality,埼玉県,,,heuristic,daily,113611,市区町村,True
埼玉県皆野町,municipality,埼玉県,,,heuristic,daily,113620,市区町村,True
埼玉県長瀞町,municipality,埼玉県,,,heuristic,daily,113638,市区町村,True
埼玉県小鹿野町,municipality,埼玉県,,,heuristic,daily,113654,市区町村,True
埼玉県東秩父村,municipality,埼玉県,,,heuristic,daily,113697,市区町村,True
埼玉県美里町,municipality,埼玉県,,,heuristic,daily,113816,市区町村,True
埼玉県神川町,municipality,埼玉県,,,heuristic,daily,113832,市区町村,True
埼玉県上里町,municipality,埼玉県,,,heuristic,daily,113859,市区町村,True
埼玉県寄居町,municipality,埼玉県,,,heuristic,daily,114081,市区町村,True
埼玉県宮代町,municipality,埼玉県,,,heuristic,daily,114421,市区町村,True
埼玉県杉戸町,municipality,埼玉県,,,heuristic,daily,114642,市区町村,True
埼玉県松伏町,municipality,埼玉県,,,heuristic,daily,114651,市区町村,True
千葉市,municipality,千葉県,,,heuristic,daily,121002,市区町村,True
銚子市,municipality,千葉県,,,heuristic,daily,122025,市区町村,True
市川市,municipality,千葉県,,,heuristic,daily,122033,市区町村,True
船橋市,municipality,千葉県,,,heuristic,daily,122041,市区町村,True
館山市,municipality,千葉県,,,heuristic,daily,122050,市区町村,True
木更津市,municipality,千葉県,,,heuristic,daily,122068,市区町村,True
松戸市,municipality,千葉県,,,heuristic,daily,122076,市区町村,True
野田市,municipality,千葉県,,,heuristic,daily,122084,市区町村,True
茂原市,municipality,千葉県,,,heuristic,daily,122106,市区町村,True
成田市,municipality,千葉県,,,heuristic,daily,122114,市区町村,True
佐倉市,municipality,千葉県,,,heuristic,daily,122122,市区町村,True
東金市,municipality,千葉県,,,heuristic,daily,122131,市区町村,True
旭市,municipality,千葉県,,,heuristic,daily,122157,市区町村,True
習志野市,municipality,千葉県,,,heuristic,daily,122165,市区町村,True
柏市,municipality,千葉県,,,heuristic,daily,122173,市区町村,True
勝浦市,municipality,千葉県,,,heuristic,daily,122181,市区町村,True
市原市,municipality,千葉県,,,heuristic,daily,122190,市区町村,True
流山市,municipality,千葉県,,,heuristic,daily,122203,市区町村,True
八千代市,municipality,千葉県,,,heuristic,daily,122211,市区町村,True
我孫子市,municipality,千葉県,,,heuristic,daily,122220,市区町村,True
鴨川市,municipality,千葉県,,,heuristic,daily,122238,市区町村,True
鎌ケ谷市,municipality,千葉県,,,heuristic,daily,122246,市区町村,True
君津市,municipality,千葉県,,,heuristic,daily,122254,市区町村,True
富津市,municipality,千葉県,,,heuristic,daily,122262,市区町村,True
浦安市,municipality,千葉県,,,heuristic,daily,122271,市区町村,True
四街道市,municipality,千葉県,,,heuristic,daily,122289,市区町村,True
袖ケ浦市,municipality,千葉県,,,heuristic,daily,122297,市区町村,True
八街市,municipality,千葉県,,,heuristic,daily,122301,市区町村,True
印西市,municipality,千葉県,,,heuristic,daily,122319,市区町村,True
白井市,municipality,千葉県,,,heuristic,daily,122327,市区町村,True
富里市,municipality,千葉県,,,heuristic,daily,122335,市区町村,True
南房総市,municipality,千葉県,,,heuristic,daily,122343,市区町村,True
匝瑳市,municipality,千葉県,,,heuristic,daily,122351,市区町村,True
香取市,municipality,千葉県,,,heuristic,daily,122360,市区町村,True
山武市,municipality,千葉県,,,heuristic,daily,122378,市区町村,True
いすみ市,municipality,千葉県,,,heuristic,daily,122386,市区町村,True
大網白里市,municipality,千葉県,,,heuristic,daily,122394,市区町村,True
千葉県酒々井町,municipality,千葉県,,,heuristic,daily,123226,市区町村,True
千葉県栄町,municipality,千葉県,,,heuristic,daily,123293,市区町村,True
千葉県神崎町,municipality,千葉県,,,heuristic,daily,123421,市区町村,True
千葉県多古町,municipality,千葉県,,,heuristic,daily,123471,市区町村,True
千葉県東庄町,municipality,千葉県,,,heuristic,daily,123498,市区町村,True
千葉県九十九里町,municipality,千葉県,,,heuristic,daily,124036,市区町村,True
千葉県芝山町,municipality,千葉県,,,heuristic,daily,124095,市区町村,True
千葉県横芝光町,municipality,千葉県,,,heuristic,daily,124109,市区町村,True
千葉県一宮町,municipality,千葉県,,,heuristic,daily,124214,市区町村,True
千葉県睦沢町,municipality,千葉県,,,heuristic,daily,124222,市区町村,True
千葉県長生村,municipality,千葉県,,,heuristic,daily,124231,市区町村,True
千葉県白子町,municipality,千葉県,,,heuristic,daily,124249,市区町村,True
千葉県長柄町,municipality,千葉県,,,heuristic,daily,124265,市区町村,True
千葉県長南町,municipality,千葉県,,,heuristic,daily,124273,市区町村,True
千葉県大多喜町,municipality,千葉県,,,heuristic,daily,124419,市区町村,True
千葉県御宿町,municipality,千葉県,,,heuristic,daily,124435,市区町村,True
千葉県鋸南町,municipality,千葉県,,,heuristic,daily,124630,市区町村,True
千代田区,municipality,東京都,,,heuristic,daily,131016,市区町村,True
中央区,municipality,東京都,,,heuristic,daily,131024,市区町村,True
港区,municipality,東京都,,,heuristic,daily,131032,市区町村,True
新宿区,municipality,東京都,,,heuristic,daily,131041,市区町村,True
文京区,municipality,東京都,,,heuristic,daily,131059,市区町村,True
台東区,municipality,東京都,,,heuristic,daily,131067,市区町村,True
墨田区,municipality,東京都,,,heuristic,daily,131075,市区町村,True
江東区,municipality,東京都,,,heuristic,daily,131083,市区町村,True
品川区,municipality,東京都,,,heuristic,daily,131091,市区町村,True
目黒区,municipality,東京都,,,heuristic,daily,131105,市区町村,True
大田区,municipality,東京都,,,heuristic,daily,131113,市区町村,True
世田谷区,municipality,東京都,,,heuristic,daily,131121,市区町村,True
渋谷区,municipality,東京都,,,heuristic,daily,131130,市区町村,True
中野区,municipality,東京都,,,heuristic,daily,131148,市区町村,True
杉並区,municipality,東京都,,,heuristic,daily,131156,市区町村,True
豊島区,municipality,東京都,,,heuristic,daily,131164,市区町村,True
北区,municipality,東京都,,,heuristic,daily,131172,市区町村,True
荒川区,municipality,東京都,,,heuristic,daily,131181,市区町村,True
板橋区,municipality,東京都,,,heuristic,daily,131199,市区町村,True
練馬区,municipality,東京都,,,heuristic,daily,131202,市区町村,True
足立区,municipality,東京都,,,heuristic,daily,131211,市区町村,True
葛飾区,municipality,東京都,,,heuristic,daily,131229,市区町村,True
江戸川区,municipality,東京都,,,heuristic,daily,131237,市区町村,True
八王子市,municipality,東京都,,,heuristic,daily,132012,市区町村,True
立川市,municipality,東京都,,,heuristic,daily,132021,市区町村,True
武蔵野市,municipality,東京都,,,heuristic,daily,132039,市区町村,True
三鷹市,municipality,東京都,,,heuristic,daily,132047,市区町村,True
青梅市,municipality,東京都,,,heuristic,daily,132055,市区町村,True
府中市,municipality,東京都,,,heuristic,daily,132063,市区町村,True
昭島市,municipality,東京都,,,heuristic,daily,132071,市区町村,True
調布市,municipality,東京都,,,heuristic,daily,132080,市区町村,True
町田市,municipality,東京都,,,heuristic,daily,132098,市区町村,True
小金井市,municipality,東京都,,,heuristic,daily,132101,市区町村,True
小平市,municipality,東京都,,,heuristic,daily,132110,市区町村,True
日野市,municipality,東京都,,,heuristic,daily,132128,市区町村,True
東村山市,municipality,東京都,,,heuristic,daily,132136,市区町村,True
国分寺市,municipality,東京都,,,heuristic,daily,132144,市区町村,True
国立市,municipality,東京都,,,heuristic,daily,132152,市区町村,True
福生市,municipality,東京都,,,heuristic,daily,132187,市区町村,True
狛江市,municipality,東京都,,,heuristic,daily,132195,市区町村,True
東大和市,municipality,東京都,,,heuristic,daily,132209,市区町村,True
清瀬市,municipality,東京都,,,heuristic,daily,132217,市区町村,True
東久留米市,municipality,東京都,,,heuristic,daily,132225,市区町村,True
武蔵村山市,municipality,東京都,,,heuristic,daily,132233,市区町村,True
多摩市,municipality,東京都,,,heuristic,daily,132241,市区町村,True
稲城市,municipality,東京都,,,heuristic,daily,132250,市区町村,True
羽村市,municipality,東京都,,,heuristic,daily,132276,市区町村,True
あきる野市,municipality,東京都,,,heuristic,daily,132284,市区町村,True
西東京市,municipality,東京都,,,heuristic,daily,132292,市区町村,True
東京都瑞穂町,municipality,東京都,,,heuristic,daily,133035,市区町村,True
東京都日の出町,municipality,東京都,,,heuristic,daily,133051,市区町村,True
東京都檜原村,municipality,東京都,,,heuristic,daily,133078,市区町村,True
東京都奥多摩町,municipality,東京都,,,heuristic,daily,133086,市区町村,True
東京都大島町,municipality,東京都,,,heuristic,daily,133612,市区町村,True
東京都利島村,municipality,東京都,,,heuristic,daily,133621,市区町村,True
東京都新島村,municipality,東京都,,,heuristic,daily,133639,市区町村,True
東京都神津島村,municipality,東京都,,,heuristic,daily,133647,市区町村,True
東京都三宅村,municipality,東京都,,,heuristic,daily,133817,市区町村,True
東京都御蔵島村,municipality,東京都,,,heuristic,daily,133825,市区町村,True
東京都八丈町,municipality,東京都,,,heuristic,daily,134015,市区町村,True
東京都青ヶ島村,municipality,東京都,,,heuristic,daily,134023,市区町村,True
東京都小笠原村,municipality,東京都,,,heuristic,daily,134210,市区町村,True
横浜市,municipality,神奈川県,,,heuristic,daily,141003,市区町村,True
川崎市,municipality,神奈川県,,,heuristic,daily,141305,市区町村,True
相模原市,municipality,神奈川県,,,heuristic,daily,141500,市区町村,True
横須賀市,municipality,神奈川県,,,heuristic,daily,142018,市区町村,True
平塚市,municipality,神奈川県,,,heuristic,daily,142034,市区町村,True
鎌倉市,municipality,神奈川県,,,heuristic,daily,142042,市区町村,True
藤沢市,municipality,神奈川県,,,heuristic,daily,142051,市区町村,True
小田原市,municipality,神奈川県,,,heuristic,daily,142069,市区町村,True
茅ヶ崎市,municipality,神奈川県,,,heuristic,daily,142077,市区町村,True
逗子市,municipality,神奈川県,,,heuristic,daily,142085,市区町村,True
三浦市,municipality,神奈川県,,,heuristic,daily,142107,市区町村,True
秦野市,municipality,神奈川県,,,heuristic,daily,142115,市区町村,True
厚木市,municipality,神奈川県,,,heuristic,daily,142123,市区町村,True
大和市,municipality,神奈川県,,,heuristic,daily,142131,市区町村,True
伊勢原市,municipality,神奈川県,,,heuristic,daily,142140,市区町村,True
海老名市,municipality,神奈川県,,,heuristic,daily,142158,市区町村,True
座間市,municipality,神奈川県,,,heuristic,daily,142166,市区町村,True
南足柄市,municipality,神奈川県,,,heuristic,daily,142174,市区町村,True
綾瀬市,municipality,神奈川県,,,heuristic,daily,142182,市区町村,True
神奈川県葉山町,municipality,神奈川県,,,heuristic,daily,143014,市区町村,True
神奈川県寒川町,municipality,神奈川県,,,heuristic,daily,143219,市区町村,True
神奈川県大磯町,municipality,神奈川県,,,heuristic,daily,143413,市区町村,True
神奈川県二宮町,municipality,神奈川県,,,heuristic,daily,143421,市区町村,True
神奈川県中井町,municipality,神奈川県,,,heuristic,daily,143618,市区町村,True
神奈川県大井町,municipality,神奈川県,,,heuristic,daily,143626,市区町村,True
神奈川県松田町,municipality,神奈川県,,,heuristic,daily,143634,市区町村,True
神奈川県山北町,municipality,神奈川県,,,heuristic,daily,143642,市区町村,True
神奈川県開成町,municipality,神奈川県,,,heuristic,daily,143669,市区町村,True
神奈川県箱根町,municipality,神奈川県,,,heuristic,daily,143821,市区町村,True
神奈川県真鶴町,municipality,神奈川県,,,heuristic,daily,143839,市区町村,True
神奈川県湯河原町,municipality,神奈川県,,,heuristic,daily,143847,市区町村,True
神奈川県愛川町,municipality,神奈川県,,,heuristic,daily,144011,市区町村,True
神奈川県清川村,municipality,神奈川県,,,heuristic,daily,144029,市区町村,True
新潟市,municipality,新潟県,,,heuristic,daily,151009,市区町村,True
長岡市,municipality,新潟県,,,heuristic,daily,152021,市区町村,True
三条市,municipality,新潟県,,,heuristic,daily,152048,市区町村,True
柏崎市,municipality,新潟県,,,heuristic,daily,152056,市区町村,True
新発田市,municipality,新潟県,,,heuristic,daily,152064,市区町村,True
小千谷市,municipality,新潟県,,,heuristic,daily,152081,市区町村,True
加茂市,municipality,新潟県,,,heuristic,daily,152099,市区町村,True
十日町市,municipality,新潟県,,,heuristic,daily,152102,市区町村,True
見附市,municipality,新潟県,,,heuristic,daily,152111,市区町村,True
村上市,municipality,新潟県,,,heuristic,daily,152129,市区町村,True
燕市,municipality,新潟県,,,heuristic,daily,152137,市区町村,True
糸魚川市,municipality,新潟県,,,heuristic,daily,152161,市区町村,True
妙高市,municipality,新潟県,,,heuristic,daily,152170,市区町村,True
五泉市,municipality,新潟県,,,heuristic,daily,152188,市区町村,True
上越市,municipality,新潟県,,,heuristic,daily,152226,市区町村,True
阿賀野市,municipality,新潟県,,,heuristic,daily,152234,市区町村,True
佐渡市,municipality,新潟県,,,heuristic,daily,152242,市区町村,True
魚沼市,municipality,新潟県,,,heuristic,daily,152251,市区町村,True
南魚沼市,municipality,新潟県,,,heuristic,daily,152269,市区町村,True
胎内市,municipality,新潟県,,,heuristic,daily,152277,市区町村,True
新潟県聖籠町,municipality,新潟県,,,heuristic,daily,153079,市区町村,True
新潟県弥彦村,municipality,新潟県,,,heuristic,daily,153427,市区町村,True
新潟県田上町,municipality,新潟県,,,heuristic,daily,153613,市区町村,True
新潟県阿賀町,municipality,新潟県,,,heuristic,daily,153851,市区町村,True
新潟県出雲崎町,municipality,新潟県,,,heuristic,daily,154059,市区町村,True
新潟県湯沢町,municipality,新潟県,,,heuristic,daily,154610,市区町村,True
新潟県津南町,municipality,新潟県,,,heuristic,daily,154822,市区町村,True
新潟県刈羽村,municipality,新潟県,,,heuristic,daily,155047,市区町村,True
新潟県関川村,municipality,新潟県,,,heuristic,daily,155811,市区町村,True
新潟県粟島浦村,municipality,新潟県,,,heuristic,daily,155861,市区町村,True
富山市,municipality,富山県,,,heuristic,daily,162019,市区町村,True
高岡市,municipality,富山県,,,heuristic,daily,162027,市区町村,True
魚津市,municipality,富山県,,,heuristic,daily,162043,市区町村,True
氷見市,municipality,富山県,,,heuristic,daily,162051,市区町村,True
滑川市,municipality,富山県,,,heuristic,daily,162060,市区町村,True
黒部市,municipality,富山県,,,heuristic,daily,162078,市区町村,True
砺波市,municipality,富山県,,,heuristic,daily,162086,市区町村,True
小矢部市,municipality,富山県,,,heuristic,daily,162094,市区町村,True
南砺市,municipality,富山県,,,heuristic,daily,162108,市区町村,True
射水市,municipality,富山県,,,heuristic,daily,162116,市区町村,True
富山県舟橋村,municipality,富山県,,,heuristic,daily,163210,市区町村,True
富山県上市町,municipality,富山県,,,heuristic,daily,163228,市区町村,True
富山県立山町,municipality,富山県,,,heuristic,daily,163236,市区町村,True
富山県入善町,municipality,富山県,,,heuristic,daily,163422,市区町村,True
富山県朝日町,municipality,富山県,,,heuristic,daily,163431,市区町村,True
金沢市,municipality,石川県,,,heuristic,daily,172014,市区町村,True
七尾市,municipality,石川県,,,heuristic,daily,172022,市区町村,True
小松市,municipality,石川県,,,heuristic,daily,172031,市区町村,True
輪島市,municipality,石川県,,,heuristic,daily,172049,市区町村,True
珠洲市,municipality,石川県,,,heuristic,daily,172057,市区町村,True
加賀市,municipality,石川県,,,heuristic,daily,172065,市区町村,True
羽咋市,municipality,石川県,,,heuristic,daily,172073,市区町村,True
かほく市,municipality,石川県,,,heuristic,daily,172090,市区町村,True
白山市,municipality,石川県,,,heuristic,daily,172103,市区町村,True
能美市,municipality,石川県,,,heuristic,daily,172111,市区町村,True
野々市市,municipality,石川県,,,heuristic,daily,172120,市区町村,True
石川県川北町,municipality,石川県,,,heuristic,daily,173240,市区町村,True
石川県津幡町,municipality,石川県,,,heuristic,daily,173614,市区町村,True
石川県内灘町,municipality,石川県,,,heuristic,daily,173657,市区町村,True
石川県志賀町,municipality,石川県,,,heuristic,daily,173843,市区町村,True
石川県宝達志水町,municipality,石川県,,,heuristic,daily,173860,市区町村,True
石川県中能登町,municipality,石川県,,,heuristic,daily,174076,市区町村,True
石川県穴水町,municipality,石川県,,,heuristic,daily,174611,市区町村,True
石川県能登町,municipality,石川県,,,heuristic,daily,174637,市区町村,True
福井市,municipality,福井県,,,heuristic,daily,182010,市区町村,True
敦賀市,municipality,福井県,,,heuristic,daily,182028,市区町村,True
小浜市,municipality,福井県,,,heuristic,daily,182044,市区町村,True
大野市,municipality,福井県,,,heuristic,daily,182052,市区町村,True
勝山市,municipality,福井県,,,heuristic,daily,182061,市区町村,True
鯖江市,municipality,福井県,,,heuristic,daily,182079,市区町村,True
あわら市,municipality,福井県,,,heuristic,daily,182087,市区町村,True
越前市,municipality,福井県,,,heuristic,daily,182095,市区町村,True
坂井市,municipality,福井県,,,heuristic,daily,182109,市区町村,True
福井県永平寺町,municipality,福井県,,,heuristic,daily,183229,市区町村,True
福井県池田町,municipality,福井県,,,heuristic,daily,183822,市区町村,True
福井県南越前町,municipality,福井県,,,heuristic,daily,184047,市区町村,True
福井県越前町,municipality,福井県,,,heuristic,daily,184233,市区町村,True
福井県美浜町,municipality,福井県,,,heuristic,daily,184420,市区町村,True
福井県高浜町,municipality,福井県,,,heuristic,daily,184811,市区町村,True
福井県おおい町,municipality,福井県,,,heuristic,daily,184837,市区町村,True
福井県若狭町,municipality,福井県,,,heuristic,daily,185019,市区町村,True
甲府市,municipality,山梨県,,,heuristic,daily,192015,市区町村,True
富士吉田市,municipality,山梨県,,,heuristic,daily,192023,市区町村,True
都留市,municipality,山梨県,,,heuristic,daily,192040,市区町村,True
山梨市,municipality,山梨県,,,heuristic,daily,192058,市区町村,True
大月市,municipality,山梨県,,,heuristic,daily,192066,市区町村,True
韮崎市,municipality,山梨県,,,heuristic,daily,192074,市区町村,True
南アルプス市,municipality,山梨県,,,heuristic,daily,192082,市区町村,True
北杜市,municipality,山梨県,,,heuristic,daily,192091,市区町村,True
甲斐市,municipality,山梨県,,,heuristic,daily,192104,市区町村,True
笛吹市,municipality,山梨県,,,heuristic,daily,192112,市区町村,True
上野原市,municipality,山梨県,,,heuristic,daily,192121,市区町村,True
甲州市,municipality,山梨県,,,heuristic,daily,192139,市区町村,True
中央市,municipality,山梨県,,,heuristic,daily,192147,市区町村,True
山梨県市川三郷町,municipality,山梨県,,,heuristic,daily,193461,市区町村,True
山梨県早川町,municipality,山梨県,,,heuristic,daily,193640,市区町村,True
山梨県身延町,municipality,山梨県,,,heuristic,daily,193658,市区町村,True
山梨県南部町,municipality,山梨県,,,heuristic,daily,193666,市区町村,True
山梨県富士川町,municipality,山梨県,,,heuristic,daily,193682,市区町村,True
山梨県昭和町,municipality,山梨県,,,heuristic,daily,193844,市区町村,True
山梨県道志村,municipality,山梨県,,,heuristic,daily,194221,市区町村,True
山梨県西桂町,municipality,山梨県,,,heuristic,daily,194239,市区町村,True
山梨県忍野村,municipality,山梨県,,,heuristic,daily,194247,市区町村,True
山梨県山中湖村,municipality,山梨県,,,heuristic,daily,194255,市区町村,True
山梨県鳴沢村,municipality,山梨県,,,heuristic,daily,194298,市区町村,True
山梨県富士河口湖町,municipality,山梨県,,,heuristic,daily,194301,市区町村,True
山梨県小菅村,municipality,山梨県,,,heuristic,daily,194425,市区町村,True
山梨県丹波山村,municipality,山梨県,,,heuristic,daily,194433,市区町村,True
長野市,municipality,長野県,,,heuristic,daily,202011,市区町村,True
松本市,municipality,長野県,,,heuristic,daily,202029,市区町村,True
上田市,municipality,長野県,,,heuristic,daily,202037,市区町村,True
岡谷市,municipality,長野県,,,heuristic,daily,202045,市区町村,True
飯田市,municipality,長野県,,,heuristic,daily,202053,市区町村,True
諏訪市,municipality,長野県,,,heuristic,daily,202061,市区町村,True
須坂市,municipality,長野県,,,heuristic,daily,202070,市区町村,True
小諸市,municipality,長野県,,,heuristic,daily,202088,市区町村,True
伊那市,municipality,長野県,,,heuristic,daily,202096,市区町村,True
駒ヶ根市,municipality,長野県,,,heuristic,daily,202100,市区町村,True
中野市,municipality,長野県,,,heuristic,daily,202118,市区町村,True
大町市,municipality,長野県,,,heuristic,daily,202126,市区町村,True
飯山市,municipality,長野県,,,heuristic,daily,202134,市区町村,True
茅野市,municipality,長野県,,,heuristic,daily,202142,市区町村,True
塩尻市,municipality,長野県,,,heuristic,daily,202151,市区町村,True
佐久市,municipality,長野県,,,heuristic,daily,202177,市区町村,True
千曲市,municipality,長野県,,,heuristic,daily,202185,市区町村,True
東御市,municipality,長野県,,,heuristic,daily,202193,市区町村,True
安曇野市,municipality,長野県,,,heuristic,daily,202207,市区町村,True
長野県小海町,municipality,長野県,,,heuristic,daily,203033,市区町村,True
長野県川上村,municipality,長野県,,,heuristic,daily,203041,市区町村,True
長野県南牧村,municipality,長野県,,,heuristic,daily,203050,市区町村,True
長野県南相木村,municipality,長野県,,,heuristic,daily,203068,市区町村,True
長野県北相木村,municipality,長野県,,,heuristic,daily,203076,市区町村,True
長野県佐久穂町,municipality,長野県,,,heuristic,daily,203092,市区町村,True
長野県軽井沢町,municipality,長野県,,,heuristic,daily,203211,市区町村,True
長野県御代田町,municipality,長野県,,,heuristic,daily,203238,市区町村,True
長野県立科町,municipality,長野県,,,heuristic,daily,203246,市区町村,True
長野県青木村,municipality,長野県,,,heuristic,daily,203491,市区町村,True
長野県長和町,municipality,長野県,,,heuristic,daily,203505,市区町村,True
長野県下諏訪町,municipality,長野県,,,heuristic,daily,203611,市区町村,True
長野県富士見町,municipality,長野県,,,heuristic,daily,203629,市区町村,True
長野県原村,municipality,長野県,,,heuristic,daily,203637,市区町村,True
長野県辰野町,municipality,長野県,,,heuristic,daily,203823,市区町村,True
長野県箕輪町,municipality,長野県,,,heuristic,daily,203831,市区町村,True
長野県飯島町,municipality,長野県,,,heuristic,daily,203840,市区町村,True
長野県南箕輪村,municipality,長野県,,,heuristic,daily,203858,市区町村,True
長野県中川村,municipality,長野県,,,heuristic,daily,203866,市区町村,True
長野県宮田村,municipality,長野県,,,heuristic,daily,203882,市区町村,True
長野県松川町,municipality,長野県,,,heuristic,daily,204021,市区町村,True
長野県高森町,municipality,長野県,,,heuristic,daily,204030,市区町村,True
長野県阿南町,municipality,長野県,,,heuristic,daily,204048,市区町村,True
長野県阿智村,municipality,長野県,,,heuristic,daily,204072,市区町村,True
長野県平谷村,municipality,長野県,,,heuristic,daily,204099,市区町村,True
長野県根羽村,municipality,長野県,,,heuristic,daily,204102,市区町村,True
長野県下條村,municipality,長野県,,,heuristic,daily,204111,市区町村,True
長野県売木村,municipality,長野県,,,heuristic,daily,204129,市区町村,True
長野県天龍村,municipality,長野県,,,heuristic,daily,204137,市区町村,True
長野県泰阜村,municipality,長野県,,,heuristic,daily,204145,市区町村,True
長野県喬木村,municipality,長野県,,,heuristic,daily,204153,市区町村,True
長野県豊丘村,municipality,長野県,,,heuristic,daily,204161,市区町村,True
長野県大鹿村,municipality,長野県,,,heuristic,daily,204170,市区町村,True
長野県上松町,municipality,長野県,,,heuristic,daily,204226,市区町村,True
長野県南木曽町,municipality,長野県,,,heuristic,daily,204234,市区町村,True
長野県木祖村,municipality,長野県,,,heuristic,daily,204251,市区町村,True
長野県王滝村,municipality,長野県,,,heuristic,daily,204293,市区町村,True
長野県大桑村,municipality,長野県,,,heuristic,daily,204307,市区町村,True
長野県木曽町,municipality,長野県,,,heuristic,daily,204323,市区町村,True
長野県麻績村,municipality,長野県,,,heuristic,daily,204463,市区町村,True
長野県生坂村,municipality,長野県,,,heuristic,daily,204480,市区町村,True
長野県山形村,municipality,長野県,,,heuristic,daily,204501,市区町村,True
長野県朝日村,municipality,長野県,,,heuristic,daily,204510,市区町村,True
長野県筑北村,municipality,長野県,,,heuristic,daily,204528,市区町村,True
長野県池田町,municipality,長野県,,,heuristic,daily,204811,市区町村,True
長野県松川村,municipality,長野県,,,heuristic,daily,204820,市区町村,True
長野県白馬村,municipality,長野県,,,heuristic,daily,204854,市区町村,True
長野県小谷村,municipality,長野県,,,heuristic,daily,204862,市区町村,True
長野県坂城町,municipality,長野県,,,heuristic,daily,205214,市区町村,True
長野県小布施町,municipality,長野県,,,heuristic,daily,205419,市区町村,True
長野県高山村,municipality,長野県,,,heuristic,daily,205435,市区町村,True
長野県山ノ内町,municipality,長野県,,,heuristic,daily,205613,市区町村,True
長野県木島平村,municipality,長野県,,,heuristic,daily,205621,市区町村,True
長野県野沢温泉村,municipality,長野県,,,heuristic,daily,205630,市区町村,True
長野県信濃町,municipality,長野県,,,heuristic,daily,205834,市区町村,True
長野県小川村,municipality,長野県,,,heuristic,daily,205885,市区町村,True
長野県飯綱町,municipality,長野県,,,heuristic,daily,205907,市区町村,True
長野県栄村,municipality,長野県,,,heuristic,daily,206024,市区町村,True
岐阜市,municipality,岐阜県,,,heuristic,daily,212016,市区町村,True
大垣市,municipality,岐阜県,,,heuristic,daily,212024,市区町村,True
高山市,municipality,岐阜県,,,heuristic,daily,212032,市区町村,True
多治見市,municipality,岐阜県,,,heuristic,daily,212041,市区町村,True
関市,municipality,岐阜県,,,heuristic,daily,212059,市区町村,True
中津川市,municipality,岐阜県,,,heuristic,daily,212067,市区町村,True
美濃市,municipality,岐阜県,,,heuristic,daily,212075,市区町村,True
瑞浪市,municipality,岐阜県,,,heuristic,daily,212083,市区町村,True
羽島市,municipality,岐阜県,,,heuristic,daily,212091,市区町村,True
恵那市,municipality,岐阜県,,,heuristic,daily,212105,市区町村,True
美濃加茂市,municipality,岐阜県,,,heuristic,daily,212113,市区町村,True
土岐市,municipality,岐阜県,,,heuristic,daily,212121,市区町村,True
各務原市,municipality,岐阜県,,,heuristic,daily,212130,市区町村,True
可児市,municipality,岐阜県,,,heuristic,daily,212148,市区町村,True
山県市,municipality,岐阜県,,,heuristic,daily,212156,市区町村,True
瑞穂市,municipality,岐阜県,,,heuristic,daily,212164,市区町村,True
飛騨市,municipality,岐阜県,,,heuristic,daily,212172,市区町村,True
本巣市,municipality,岐阜県,,,heuristic,daily,212181,市区町村,True
郡上市,municipality,岐阜県,,,heuristic,daily,212199,市区町村,True
下呂市,municipality,岐阜県,,,heuristic,daily,212202,市区町村,True
海津市,municipality,岐阜県,,,heuristic,daily,212211,市区町村,True
岐阜県岐南町,municipality,岐阜県,,,heuristic,daily,213021,市区町村,True
岐阜県笠松町,municipality,岐阜県,,,heuristic,daily,213039,市区町村,True
岐阜県養老町,municipality,岐阜県,,,heuristic,daily,213411,市区町村,True
岐阜県垂井町,municipality,岐阜県,,,heuristic,daily,213616,市区町村,True
岐阜県関ケ原町,municipality,岐阜県,,,heuristic,daily,213624,市区町村,True
岐阜県神戸町,municipality,岐阜県,,,heuristic,daily,213811,市区町村,True
岐阜県輪之内町,municipality,岐阜県,,,heuristic,daily,213829,市区町村,True
岐阜県安八町,municipality,岐阜県,,,heuristic,daily,213837,市区町村,True
岐阜県揖斐川町,municipality,岐阜県,,,heuristic,daily,214019,市区町村,True
岐阜県大野町,municipality,岐阜県,,,heuristic,daily,214035,市区町村,True
岐阜県池田町,municipality,岐阜県,,,heuristic,daily,214043,市区町村,True
岐阜県北方町,municipality,岐阜県,,,heuristic,daily,214213,市区町村,True
岐阜県坂祝町,municipality,岐阜県,,,heuristic,daily,215015,市区町村,True
岐阜県富加町,municipality,岐阜県,,,heuristic,daily,215023,市区町村,True
岐阜県川辺町,municipality,岐阜県,,,heuristic,daily,215031,市区町村,True
岐阜県七宗町,municipality,岐阜県,,,heuristic,daily,215040,市区町村,True
岐阜県八百津町,municipality,岐阜県,,,heuristic,daily,215058,市区町村,True
岐阜県白川町,municipality,岐阜県,,,heuristic,daily,215066,市区町村,True
岐阜県東白川村,municipality,岐阜県,,,heuristic,daily,215074,市区町村,True
岐阜県御嵩町,municipality,岐阜県,,,heuristic,daily,215210,市区町村,True
岐阜県白川村,municipality,岐阜県,,,heuristic,daily,216046,市区町村,True
静岡市,municipality,静岡県,,,heuristic,daily,221007,市区町村,True
浜松市,municipality,静岡県,,,heuristic,daily,221309,市区町村,True
沼津市,municipality,静岡県,,,heuristic,daily,222038,市区町村,True
熱海市,municipality,静岡県,,,heuristic,daily,222054,市区町村,True
三島市,municipality,静岡県,,,heuristic,daily,222062,市区町村,True
富士宮市,municipality,静岡県,,,heuristic,daily,222071,市区町村,True
伊東市,municipality,静岡県,,,heuristic,daily,222089,市区町村,True
島田市,municipality,静岡県,,,heuristic,daily,222097,市区町村,True
富士市,municipality,静岡県,,,heuristic,daily,222101,市区町村,True
磐田市,municipality,静岡県,,,heuristic,daily,222119,市区町村,True
焼津市,municipality,静岡県,,,heuristic,daily,222127,市区町村,True
掛川市,municipality,静岡県,,,heuristic,daily,222135,市区町村,True
藤枝市,municipality,静岡県,,,heuristic,daily,222143,市区町村,True
御殿場市,municipality,静岡県,,,heuristic,daily,222151,市区町村,True
袋井市,municipality,静岡県,,,heuristic,daily,222160,市区町村,True
下田市,municipality,静岡県,,,heuristic,daily,222194,市区町村,True
裾野市,municipality,静岡県,,,heuristic,daily,222208,市区町村,True
湖西市,municipality,静岡県,,,heuristic,daily,222216,市区町村,True
伊豆市,municipality,静岡県,,,heuristic,daily,222224,市区町村,True
御前崎市,municipality,静岡県,,,heuristic,daily,222232,市区町村,True
菊川市,municipality,静岡県,,,heuristic,daily,222241,市区町村,True
伊豆の国市,municipality,静岡県,,,heuristic,daily,222259,市区町村,True
牧之原市,municipality,静岡県,,,heuristic,daily,222267,市区町村,True
静岡県東伊豆町,municipality,静岡県,,,heuristic,daily,223018,市区町村,True
静岡県河津町,municipality,静岡県,,,heuristic,daily,223026,市区町村,True
静岡県南伊豆町,municipality,静岡県,,,heuristic,daily,223042,市区町村,True
静岡県松崎町,municipality,静岡県,,,heuristic,daily,223051,市区町村,True
静岡県西伊豆町,municipality,静岡県,,,heuristic,daily,223069,市区町村,True
静岡県函南町,municipality,静岡県,,,heuristic,daily,223255,市区町村,True
静岡県清水町,municipality,静岡県,,,heuristic,daily,223417,市区町村,True
静岡県長泉町,municipality,静岡県,,,heuristic,daily,223425,市区町村,True
静岡県小山町,municipality,静岡県,,,heuristic,daily,223441,市区町村,True
静岡県吉田町,municipality,静岡県,,,heuristic,daily,224243,市区町村,True
静岡県川根本町,municipality,静岡県,,,heuristic,daily,224294,市区町村,True
静岡県森町,municipality,静岡県,,,heuristic,daily,224618,市区町村,True
名古屋市,municipality,愛知県,,,heuristic,daily,231002,市区町村,True
豊橋市,municipality,愛知県,,,heuristic,daily,232017,市区町村,True
岡崎市,municipality,愛知県,,,heuristic,daily,232025,市区町村,True
一宮市,municipality,愛知県,,,heuristic,daily,232033,市区町村,True
瀬戸市,municipality,愛知県,,,heuristic,daily,232041,市区町村,True
半田市,municipality,愛知県,,,heuristic,daily,232050,市区町村,True
春日井市,municipality,愛知県,,,heuristic,daily,232068,市区町村,True
豊川市,municipality,愛知県,,,heuristic,daily,232076,市区町村,True
津島市,municipality,愛知県,,,heuristic,daily,232084,市区町村,True
碧南市,municipality,愛知県,,,heuristic,daily,232092,市区町村,True
刈谷市,municipality,愛知県,,,heuristic,daily,232106,市区町村,True
豊田市,municipality,愛知県,,,heuristic,daily,232114,市区町村,True
安城市,municipality,愛知県,,,heuristic,daily,232122,市区町村,True
西尾市,municipality,愛知県,,,heuristic,daily,232131,市区町村,True
蒲郡市,municipality,愛知県,,,heuristic,daily,232149,市区町村,True
犬山市,municipality,愛知県,,,heuristic,daily,232157,市区町村,True
常滑市,municipality,愛知県,,,heuristic,daily,232165,市区町村,True
江南市,municipality,愛知県,,,heuristic,daily,232173,市区町村,True
小牧市,municipality,愛知県,,,heuristic,daily,232190,市区町村,True
稲沢市,municipality,愛知県,,,heuristic,daily,232203,市区町村,True
新城市,municipality,愛知県,,,heuristic,daily,232211,市区町村,True
東海市,municipality,愛知県,,,heuristic,daily,232220,市区町村,True
大府市,municipality,愛知県,,,heuristic,daily,232238,市区町村,True
知多市,municipality,愛知県,,,heuristic,daily,232246,市区町村,True
知立市,municipality,愛知県,,,heuristic,daily,232254,市区町村,True
尾張旭市,municipality,愛知県,,,heuristic,daily,232262,市区町村,True
高浜市,municipality,愛知県,,,heuristic,daily,232271,市区町村,True
岩倉市,municipality,愛知県,,,heuristic,daily,232289,市区町村,True
豊明市,municipality,愛知県,,,heuristic,daily,232297,市区町村,True
日進市,municipality,愛知県,,,heuristic,daily,232301,市区町村,True
田原市,municipality,愛知県,,,heuristic,daily,232319,市区町村,True
愛西市,municipality,愛知県,,,heuristic,daily,232327,市区町村,True
清須市,municipality,愛知県,,,heuristic,daily,232335,市区町村,True
北名古屋市,municipality,愛知県,,,heuristic,daily,232343,市区町村,True
弥富市,municipality,愛知県,,,heuristic,daily,232351,市区町村,True
みよし市,municipality,愛知県,,,heuristic,daily,232360,市区町村,True
あま市,municipality,愛知県,,,heuristic,daily,232378,市区町村,True
長久手市,municipality,愛知県,,,heuristic,daily,232386,市区町村,True
愛知県東郷町,municipality,愛知県,,,heuristic,daily,233021,市区町村,True
愛知県豊山町,municipality,愛知県,,,heuristic,daily,233421,市区町村,True
愛知県大口町,municipality,愛知県,,,heuristic,daily,233617,市区町村,True
愛知県扶桑町,municipality,愛知県,,,heuristic,daily,233625,市区町村,True
愛知県大治町,municipality,愛知県,,,heuristic,daily,234249,市区町村,True
愛知県蟹江町,municipality,愛知県,,,heuristic,daily,234257,市区町村,True
愛知県飛島村,municipality,愛知県,,,heuristic,daily,234273,市区町村,True
愛知県阿久比町,municipality,愛知県,,,heuristic,daily,234419,市区町村,True
愛知県東浦町,municipality,愛知県,,,heuristic,daily,234427,市区町村,True
愛知県南知多町,municipality,愛知県,,,heuristic,daily,234451,市区町村,True
愛知県美浜町,municipality,愛知県,,,heuristic,daily,234460,市区町村,True
愛知県武豊町,municipality,愛知県,,,heuristic,daily,234478,市区町村,True
愛知県幸田町,municipality,愛知県,,,heuristic,daily,235016,市区町村,True
愛知県設楽町,municipality,愛知県,,,heuristic,daily,235610,市区町村,True
愛知県東栄町,municipality,愛知県,,,heuristic,daily,235628,市区町村,True
愛知県豊根村,municipality,愛知県,,,heuristic,daily,235636,市区町村,True
津市,municipality,三重県,,,heuristic,daily,242012,市区町村,True
四日市市,municipality,三重県,,,heuristic,daily,242021,市区町村,True
伊勢市,municipality,三重県,,,heuristic,daily,242039,市区町村,True
松阪市,municipality,三重県,,,heuristic,daily,242047,市区町村,True
桑名市,municipality,三重県,,,heuristic,daily,242055,市区町村,True
鈴鹿市,municipality,三重県,,,heuristic,daily,242071,市区町村,True
名張市,municipality,三重県,,,heuristic,daily,242080,市区町村,True
尾鷲市,municipality,三重県,,,heuristic,daily,242098,市区町村,True
亀山市,municipality,三重県,,,heuristic,daily,242101,市区町村,True
鳥羽市,municipality,三重県,,,heuristic,daily,242110,市区町村,True
熊野市,municipality,三重県,,,heuristic,daily,242128,市区町村,True
いなべ市,municipality,三重県,,,heuristic,daily,242144,市区町村,True
志摩市,municipality,三重県,,,heuristic,daily,242152,市区町村,True
伊賀市,municipality,三重県,,,heuristic,daily,242161,市区町村,True
三重県木曽岬町,municipality,三重県,,,heuristic,daily,243035,市区町村,True
三重県東員町,municipality,三重県,,,heuristic,daily,243248,市区町村,True
三重県菰野町,municipality,三重県,,,heuristic,daily,243418,市区町村,True
三重県朝日町,municipality,三重県,,,heuristic,daily,243434,市区町村,True
三重県川越町,municipality,三重県,,,heuristic,daily,243442,市区町村,True
三重県多気町,municipality,三重県,,,heuristic,daily,244414,市区町村,True
三重県明和町,municipality,三重県,,,heuristic,daily,244422,市区町村,True
三重県大台町,municipality,三重県,,,heuristic,daily,244431,市区町村,True
三重県玉城町,municipality,三重県,,,heuristic,daily,244619,市区町村,True
三重県度会町,municipality,三重県,,,heuristic,daily,244708,市区町村,True
三重県大紀町,municipality,三重県,,,heuristic,daily,244716,市区町村,True
三重県南伊勢町,municipality,三重県,,,heuristic,daily,244724,市区町村,True
三重県紀北町,municipality,三重県,,,heuristic,daily,245437,市区町村,True
三重県御浜町,municipality,三重県,,,heuristic,daily,245615,市区町村,True
三重県紀宝町,municipality,三重県,,,heuristic,daily,245623,市区町村,True
大津市,municipality,滋賀県,,,heuristic,daily,252018,市区町村,True
彦根市,municipality,滋賀県,,,heuristic,daily,252026,市区町村,True
長浜市,municipality,滋賀県,,,heuristic,daily,252034,市区町村,True
近江八幡市,municipality,滋賀県,,,heuristic,daily,252042,市区町村,True
草津市,municipality,滋賀県,,,heuristic,daily,252069,市区町村,True
守山市,municipality,滋賀県,,,heuristic,daily,252077,市区町村,True
栗東市,municipality,滋賀県,,,heuristic,daily,252085,市区町村,True
甲賀市,municipality,滋賀県,,,heuristic,daily,252093,市区町村,True
野洲市,municipality,滋賀県,,,heuristic,daily,252107,市区町村,True
湖南市,municipality,滋賀県,,,heuristic,daily,252115,市区町村,True
高島市,municipality,滋賀県,,,heuristic,daily,252123,市区町村,True
東近江市,municipality,滋賀県,,,heuristic,daily,252131,市区町村,True
米原市,municipality,滋賀県,,,heuristic,daily,252140,市区町村,True
滋賀県日野町,municipality,滋賀県,,,heuristic,daily,253839,市区町村,True
滋賀県竜王町,municipality,滋賀県,,,heuristic,daily,253847,市区町村,True
滋賀県愛荘町,municipality,滋賀県,,,heuristic,daily,254258,市区町村,True
滋賀県豊郷町,municipality,滋賀県,,,heuristic,daily,254410,市区町村,True
滋賀県甲良町,municipality,滋賀県,,,heuristic,daily,254428,市区町村,True
滋賀県多賀町,municipality,滋賀県,,,heuristic,daily,254436,市区町村,True
京都市,municipality,京都府,,,heuristic,daily,261009,市区町村,True
福知山市,municipality,京都府,,,heuristic,daily,262013,市区町村,True
舞鶴市,municipality,京都府,,,heuristic,daily,262021,市区町村,True
綾部市,municipality,京都府,,,heuristic,daily,262030,市区町村,True
宇治市,municipality,京都府,,,heuristic,daily,262048,市区町村,True
宮津市,municipality,京都府,,,heuristic,daily,262056,市区町村,True
亀岡市,municipality,京都府,,,heuristic,daily,262064,市区町村,True
城陽市,municipality,京都府,,,heuristic,daily,262072,市区町村,True
向日市,municipality,京都府,,,heuristic,daily,262081,市区町村,True
長岡京市,municipality,京都府,,,heuristic,daily,262099,市区町村,True
八幡市,municipality,京都府,,,heuristic,daily,262102,市区町村,True
京田辺市,municipality,京都府,,,heuristic,daily,262111,市区町村,True
京丹後市,municipality,京都府,,,heuristic,daily,262129,市区町村,True
南丹市,municipality,京都府,,,heuristic,daily,262137,市区町村,True
木津川市,municipality,京都府,,,heuristic,daily,262145,市区町村,True
京都府大山崎町,municipality,京都府,,,heuristic,daily,263036,市区町村,True
京都府久御山町,municipality,京都府,,,heuristic,daily,263222,市区町村,True
京都府井手町,municipality,京都府,,,heuristic,daily,263435,市区町村,True
京都府宇治田原町,municipality,京都府,,,heuristic,daily,263443,市区町村,True
京都府笠置町,municipality,京都府,,,heuristic,daily,263648,市区町村,True
京都府和束町,municipality,京都府,,,heuristic,daily,263656,市区町村,True
京都府精華町,municipality,京都府,,,heuristic,daily,263664,市区町村,True
京都府南山城村,municipality,京都府,,,heuristic,daily,263672,市区町村,True
京都府京丹波町,municipality,京都府,,,heuristic,daily,264075,市区町村,True
京都府伊根町,municipality,京都府,,,heuristic,daily,264636,市区町村,True
京都府与謝野町,municipality,京都府,,,heuristic,daily,264652,市区町村,True
大阪市,municipality,大阪府,,,heuristic,daily,271004,市区町村,True
堺市,municipality,大阪府,,,heuristic,daily,271403,市区町村,True
岸和田市,municipality,大阪府,,,heuristic,daily,272027,市区町村,True
豊中市,municipality,大阪府,,,heuristic,daily,272035,市区町村,True
池田市,municipality,大阪府,,,heuristic,daily,272043,市区町村,True
吹田市,municipality,大阪府,,,heuristic,daily,272051,市区町村,True
泉大津市,municipality,大阪府,,,heuristic,daily,272060,市区町村,True
高槻市,municipality,大阪府,,,heuristic,daily,272078,市区町村,True
貝塚市,municipality,大阪府,,,heuristic,daily,272086,市区町村,True
守口市,municipality,大阪府,,,heuristic,daily,272094,市区町村,True
枚方市,municipality,大阪府,,,heuristic,daily,272108,市区町村,True
茨木市,municipality,大阪府,,,heuristic,daily,272116,市区町村,True
八尾市,municipality,大阪府,,,heuristic,daily,272124,市区町村,True
泉佐野市,municipality,大阪府,,,heuristic,daily,272132,市区町村,True
富田林市,municipality,大阪府,,,heuristic,daily,272141,市区町村,True
寝屋川市,municipality,大阪府,,,heuristic,daily,272159,市区町村,True
河内長野市,municipality,大阪府,,,heuristic,daily,272167,市区町村,True
松原市,municipality,大阪府,,,heuristic,daily,272175,市区町村,True
大東市,municipality,大阪府,,,heuristic,daily,272183,市区町村,True
和泉市,municipality,大阪府,,,heuristic,daily,272191,市区町村,True
箕面市,municipality,大阪府,,,heuristic,daily,272205,市区町村,True
柏原市,municipality,大阪府,,,heuristic,daily,272213,市区町村,True
羽曳野市,municipality,大阪府,,,heuristic,daily,272221,市区町村,True
門真市,municipality,大阪府,,,heuristic,daily,272230,市区町村,True
摂津市,municipality,大阪府,,,heuristic,daily,272248,市区町村,True
高石市,municipality,大阪府,,,heuristic,daily,272256,市区町村,True
藤井寺市,municipality,大阪府,,,heuristic,daily,272264,市区町村,True
東大阪市,municipality,大阪府,,,heuristic,daily,272272,市区町村,True
泉南市,municipality,大阪府,,,heuristic,daily,272281,市区町村,True
四條畷市,municipality,大阪府,,,heuristic,daily,272299,市区町村,True
交野市,municipality,大阪府,,,heuristic,daily,272302,市区町村,True
大阪狭山市,municipality,大阪府,,,heuristic,daily,272311,市区町村,True
阪南市,municipality,大阪府,,,heuristic,daily,272329,市区町村,True
大阪府島本町,municipality,大阪府,,,heuristic,daily,273015,市区町村,True
大阪府豊能町,municipality,大阪府,,,heuristic,daily,273210,市区町村,True
大阪府能勢町,municipality,大阪府,,,heuristic,daily,273228,市区町村,True
大阪府忠岡町,municipality,大阪府,,,heuristic,daily,273414,市区町村,True
大阪府熊取町,municipality,大阪府,,,heuristic,daily,273619,市区町村,True
大阪府田尻町,municipality,大阪府,,,heuristic,daily,273627,市区町村,True
大阪府岬町,municipality,大阪府,,,heuristic,daily,273660,市区町村,True
大阪府太子町,municipality,大阪府,,,heuristic,daily,273813,市区町村,True
大阪府河南町,municipality,大阪府,,,heuristic,daily,273821,市区町村,True
大阪府千早赤阪村,municipality,大阪府,,,heuristic,daily,273830,市区町村,True
神戸市,municipality,兵庫県,,,heuristic,daily,281000,市区町村,True
姫路市,municipality,兵庫県,,,heuristic,daily,282014,市区町村,True
尼崎市,municipality,兵庫県,,,heuristic,daily,282022,市区町村,True
明石市,municipality,兵庫県,,,heuristic,daily,282031,市区町村,True
西宮市,municipality,兵庫県,,,heuristic,daily,282049,市区町村,True
洲本市,municipality,兵庫県,,,heuristic,daily,282057,市区町村,True
芦屋市,municipality,兵庫県,,,heuristic,daily,282065,市区町村,True
伊丹市,municipality,兵庫県,,,heuristic,daily,282073,市区町村,True
相生市,municipality,兵庫県,,,heuristic,daily,282081,市区町村,True
豊岡市,municipality,兵庫県,,,heuristic,daily,282090,市区町村,True
加古川市,municipality,兵庫県,,,heuristic,daily,282103,市区町村,True
赤穂市,municipality,兵庫県,,,heuristic,daily,282120,市区町村,True
西脇市,municipality,兵庫県,,,heuristic,daily,282138,市区町村,True
宝塚市,municipality,兵庫県,,,heuristic,daily,282146,市区町村,True
三木市,municipality,兵庫県,,,heuristic,daily,282154,市区町村,True
高砂市,municipality,兵庫県,,,heuristic,daily,282162,市区町村,True
川西市,municipality,兵庫県,,,heuristic,daily,282171,市区町村,True
小野市,municipality,兵庫県,,,heuristic,daily,282189,市区町村,True
三田市,municipality,兵庫県,,,heuristic,daily,282197,市区町村,True
加西市,municipality,兵庫県,,,heuristic,daily,282201,市区町村,True
丹波篠山市,municipality,兵庫県,,,heuristic,daily,282219,市区町村,True
養父市,municipality,兵庫県,,,heuristic,daily,282227,市区町村,True
丹波市,municipality,兵庫県,,,heuristic,daily,282235,市区町村,True
南あわじ市,municipality,兵庫県,,,heuristic,daily,282243,市区町村,True
朝来市,municipality,兵庫県,,,heuristic,daily,282251,市区町村,True
淡路市,municipality,兵庫県,,,heuristic,daily,282260,市区町村,True
宍粟市,municipality,兵庫県,,,heuristic,daily,282278,市区町村,True
加東市,municipality,兵庫県,,,heuristic,daily,282286,市区町村,True
たつの市,municipality,兵庫県,,,heuristic,daily,282294,市区町村,True
兵庫県猪名川町,municipality,兵庫県,,,heuristic,daily,283011,市区町村,True
兵庫県多可町,municipality,兵庫県,,,heuristic,daily,283657,市区町村,True
兵庫県稲美町,municipality,兵庫県,,,heuristic,daily,283819,市区町村,True
兵庫県播磨町,municipality,兵庫県,,,heuristic,daily,283827,市区町村,True
兵庫県市川町,municipality,兵庫県,,,heuristic,daily,284424,市区町村,True
兵庫県福崎町,municipality,兵庫県,,,heuristic,daily,284432,市区町村,True
兵庫県神河町,municipality,兵庫県,,,heuristic,daily,284467,市区町村,True
兵庫県太子町,municipality,兵庫県,,,heuristic,daily,284645,市区町村,True
兵庫県上郡町,municipality,兵庫県,,,heuristic,daily,284815,市区町村,True
兵庫県佐用町,municipality,兵庫県,,,heuristic,daily,285013,市区町村,True
兵庫県香美町,municipality,兵庫県,,,heuristic,daily,285854,市区町村,True
兵庫県新温泉町,municipality,兵庫県,,,heuristic,daily,285862,市区町村,True
奈良市,municipality,奈良県,,,heuristic,daily,292010,市区町村,True
大和高田市,municipality,奈良県,,,heuristic,daily,292028,市区町村,True
大和郡山市,municipality,奈良県,,,heuristic,daily,292036,市区町村,True
天理市,municipality,奈良県,,,heuristic,daily,292044,市区町村,True
橿原市,municipality,奈良県,,,heuristic,daily,292052,市区町村,True
桜井市,municipality,奈良県,,,heuristic,daily,292061,市区町村,True
五條市,municipality,奈良県,,,heuristic,daily,292079,市区町村,True
御所市,municipality,奈良県,,,heuristic,daily,292087,市区町村,True
生駒市,municipality,奈良県,,,heuristic,daily,292095,市区町村,True
香芝市,municipality,奈良県,,,heuristic,daily,292109,市区町村,True
葛城市,municipality,奈良県,,,heuristic,daily,292117,市区町村,True
宇陀市,municipality,奈良県,,,heuristic,daily,292125,市区町村,True
奈良県山添村,municipality,奈良県,,,heuristic,daily,293229,市区町村,True
奈良県平群町,municipality,奈良県,,,heuristic,daily,293423,市区町村,True
奈良県三郷町,municipality,奈良県,,,heuristic,daily,293431,市区町村,True
奈良県斑鳩町,municipality,奈良県,,,heuristic,daily,293440,市区町村,True
奈良県安堵町,municipality,奈良県,,,heuristic,daily,293458,市区町村,True
奈良県川西町,municipality,奈良県,,,heuristic,daily,293610,市区町村,True
奈良県三宅町,municipality,奈良県,,,heuristic,daily,293628,市区町村,True
奈良県田原本町,municipality,奈良県,,,heuristic,daily,293636,市区町村,True
奈良県曽爾村,municipality,奈良県,,,heuristic,daily,293857,市区町村,True
奈良県御杖村,municipality,奈良県,,,heuristic,daily,293865,市区町村,True
奈良県高取町,municipality,奈良県,,,heuristic,daily,294012,市区町村,True
奈良県明日香村,municipality,奈良県,,,heuristic,daily,294021,市区町村,True
奈良県上牧町,municipality,奈良県,,,heuristic,daily,294241,市区町村,True
奈良県王寺町,municipality,奈良県,,,heuristic,daily,294250,市区町村,True
奈良県広陵町,municipality,奈良県,,,heuristic,daily,294268,市区町村,True
奈良県河合町,municipality,奈良県,,,heuristic,daily,294276,市区町村,True
奈良県吉野町,municipality,奈良県,,,heuristic,daily,294411,市区町村,True
奈良県大淀町,municipality,奈良県,,,heuristic,daily,294420,市区町村,True
奈良県下市町,municipality,奈良県,,,heuristic,daily,294438,市区町村,True
奈良県黒滝村,municipality,奈良県,,,heuristic,daily,294446,市区町村,True
奈良県天川村,municipality,奈良県,,,heuristic,daily,294462,市区町村,True
奈良県野迫川村,municipality,奈良県,,,heuristic,daily,294471,市区町村,True
奈良県十津川村,municipality,奈良県,,,heuristic,daily,294497,市区町村,True
奈良県下北山村,municipality,奈良県,,,heuristic,daily,294501,市区町村,True
奈良県上北山村,municipality,奈良県,,,heuristic,daily,294519,市区町村,True
奈良県川上村,municipality,奈良県,,,heuristic,daily,294527,市区町村,True
奈良県東吉野村,municipality,奈良県,,,heuristic,daily,294535,市区町村,True
和歌山市,municipality,和歌山県,,,heuristic,daily,302015,市区町村,True
海南市,municipality,和歌山県,,,heuristic,daily,302023,市区町村,True
橋本市,municipality,和歌山県,,,heuristic,daily,302031,市区町村,True
有田市,municipality,和歌山県,,,heuristic,daily,302040,市区町村,True
御坊市,municipality,和歌山県,,,heuristic,daily,302058,市区町村,True
田辺市,municipality,和歌山県,,,heuristic,daily,302066,市区町村,True
新宮市,municipality,和歌山県,,,heuristic,daily,302074,市区町村,True
紀の川市,municipality,和歌山県,,,heuristic,daily,302082,市区町村,True
岩出市,municipality,和歌山県,,,heuristic,daily,302091,市区町村,True
和歌山県紀美野町,municipality,和歌山県,,,heuristic,daily,303046,市区町村,True
和歌山県かつらぎ町,municipality,和歌山県,,,heuristic,daily,303411,市区町村,True
和歌山県九度山町,municipality,和歌山県,,,heuristic,daily,303437,市区町村,True
和歌山県高野町,municipality,和歌山県,,,heuristic,daily,303445,市区町村,True
和歌山県湯浅町,municipality,和歌山県,,,heuristic,daily,303615,市区町村,True
和歌山県広川町,municipality,和歌山県,,,heuristic,daily,303623,市区町村,True
和歌山県有田川町,municipality,和歌山県,,,heuristic,daily,303666,市区町村,True
和歌山県美浜町,municipality,和歌山県,,,heuristic,daily,303810,市区町村,True
和歌山県日高町,municipality,和歌山県,,,heuristic,daily,303828,市区町村,True
和歌山県由良町,municipality,和歌山県,,,heuristic,daily,303836,市区町村,True
和歌山県印南町,municipality,和歌山県,,,heuristic,daily,303909,市区町村,True
和歌山県みなべ町,municipality,和歌山県,,,heuristic,daily,303917,市区町村,True
和歌山県日高川町,municipality,和歌山県,,,heuristic,daily,303925,市区町村,True
和歌山県白浜町,municipality,和歌山県,,,heuristic,daily,304018,市区町村,True
和歌山県上富田町,municipality,和歌山県,,,heuristic,daily,304042,市区町村,True
和歌山県すさみ町,municipality,和歌山県,,,heuristic,daily,304069,市区町村,True
和歌山県那智勝浦町,municipality,和歌山県,,,heuristic,daily,304212,市区町村,True
和歌山県太地町,municipality,和歌山県,,,heuristic,daily,304221,市区町村,True
和歌山県古座川町,municipality,和歌山県,,,heuristic,daily,304247,市区町村,True
和歌山県北山村,municipality,和歌山県,,,heuristic,daily,304271,市区町村,True
和歌山県串本町,municipality,和歌山県,,,heuristic,daily,304280,市区町村,True
鳥取市,municipality,鳥取県,,,heuristic,daily,312011,市区町村,True
米子市,municipality,鳥取県,,,heuristic,daily,312029,市区町村,True
倉吉市,municipality,鳥取県,,,heuristic,daily,312037,市区町村,True
境港市,municipality,鳥取県,,,heuristic,daily,312045,市区町村,True
鳥取県岩美町,municipality,鳥取県,,,heuristic,daily,313025,市区町村,True
鳥取県若桜町,municipality,鳥取県,,,heuristic,daily,313254,市区町村,True
鳥取県智頭町,municipality,鳥取県,,,heuristic,daily,313289,市区町村,True
鳥取県八頭町,municipality,鳥取県,,,heuristic,daily,313297,市区町村,True
鳥取県三朝町,municipality,鳥取県,,,heuristic,daily,313645,市区町村,True
鳥取県湯梨浜町,municipality,鳥取県,,,heuristic,daily,313700,市区町村,True
鳥取県琴浦町,municipality,鳥取県,,,heuristic,daily,313718,市区町村,True
鳥取県北栄町,municipality,鳥取県,,,heuristic,daily,313726,市区町村,True
鳥取県日吉津村,municipality,鳥取県,,,heuristic,daily,313840,市区町村,True
鳥取県大山町,municipality,鳥取県,,,heuristic,daily,313866,市区町村,True
鳥取県南部町,municipality,鳥取県,,,heuristic,daily,313891,市区町村,True
鳥取県伯耆町,municipality,鳥取県,,,heuristic,daily,313904,市区町村,True
鳥取県日南町,municipality,鳥取県,,,heuristic,daily,314013,市区町村,True
鳥取県日野町,municipality,鳥取県,,,heuristic,daily,314021,市区町村,True
鳥取県江府町,municipality,鳥取県,,,heuristic,daily,314030,市区町村,True
松江市,municipality,島根県,,,heuristic,daily,322016,市区町村,True
浜田市,municipality,島根県,,,heuristic,daily,322024,市区町村,True
出雲市,municipality,島根県,,,heuristic,daily,322032,市区町村,True
益田市,municipality,島根県,,,heuristic,daily,322041,市区町村,True
大田市,municipality,島根県,,,heuristic,daily,322059,市区町村,True
安来市,municipality,島根県,,,heuristic,daily,322067,市区町村,True
江津市,municipality,島根県,,,heuristic,daily,322075,市区町村,True
雲南市,municipality,島根県,,,heuristic,daily,322091,市区町村,True
島根県奥出雲町,municipality,島根県,,,heuristic,daily,323438,市区町村,True
島根県飯南町,municipality,島根県,,,heuristic,daily,323861,市区町村,True
島根県川本町,municipality,島根県,,,heuristic,daily,324418,市区町村,True
島根県美郷町,municipality,島根県,,,heuristic,daily,324485,市区町村,True
島根県邑南町,municipality,島根県,,,heuristic,daily,324493,市区町村,True
島根県津和野町,municipality,島根県,,,heuristic,daily,325015,市区町村,True
島根県吉賀町,municipality,島根県,,,heuristic,daily,325058,市区町村,True
島根県海士町,municipality,島根県,,,heuristic,daily,325252,市区町村,True
島根県西ノ島町,municipality,島根県,,,heuristic,daily,325261,市区町村,True
島根県知夫村,municipality,島根県,,,heuristic,daily,325279,市区町村,True
島根県隠岐の島町,municipality,島根県,,,heuristic,daily,325287,市区町村,True
岡山市,municipality,岡山県,,,heuristic,daily,331007,市区町村,True
倉敷市,municipality,岡山県,,,heuristic,daily,332020,市区町村,True
津山市,municipality,岡山県,,,heuristic,daily,332038,市区町村,True
玉野市,municipality,岡山県,,,heuristic,daily,332046,市区町村,True
笠岡市,municipality,岡山県,,,heuristic,daily,332054,市区町村,True
井原市,municipality,岡山県,,,heuristic,daily,332071,市区町村,True
総社市,municipality,岡山県,,,heuristic,daily,332089,市区町村,True
高梁市,municipality,岡山県,,,heuristic,daily,332097,市区町村,True
新見市,municipality,岡山県,,,heuristic,daily,332101,市区町村,True
備前市,municipality,岡山県,,,heuristic,daily,332119,市区町村,True
瀬戸内市,municipality,岡山県,,,heuristic,daily,332127,市区町村,True
赤磐市,municipality,岡山県,,,heuristic,daily,332135,市区町村,True
真庭市,municipality,岡山県,,,heuristic,daily,332143,市区町村,True
美作市,municipality,岡山県,,,heuristic,daily,332151,市区町村,True
浅口市,municipality,岡山県,,,heuristic,daily,332160,市区町村,True
岡山県和気町,municipality,岡山県,,,heuristic,daily,333468,市区町村,True
岡山県早島町,municipality,岡山県,,,heuristic,daily,334235,市区町村,True
岡山県里庄町,municipality,岡山県,,,heuristic,daily,334456,市区町村,True
岡山県矢掛町,municipality,岡山県,,,heuristic,daily,334618,市区町村,True
岡山県新庄村,municipality,岡山県,,,heuristic,daily,335860,市区町村,True
岡山県鏡野町,municipality,岡山県,,,heuristic,daily,336068,市区町村,True
岡山県勝央町,municipality,岡山県,,,heuristic,daily,336220,市区町村,True
岡山県奈義町,municipality,岡山県,,,heuristic,daily,336238,市区町村,True
岡山県西粟倉村,municipality,岡山県,,,heuristic,daily,336432,市区町村,True
岡山県久米南町,municipality,岡山県,,,heuristic,daily,336637,市区町村,True
岡山県美咲町,municipality,岡山県,,,heuristic,daily,336661,市区町村,True
岡山県吉備中央町,municipality,岡山県,,,heuristic,daily,336815,市区町村,True
広島市,municipality,広島県,,,heuristic,daily,341002,市区町村,True
呉市,municipality,広島県,,,heuristic,daily,342025,市区町村,True
竹原市,municipality,広島県,,,heuristic,daily,342033,市区町村,True
三原市,municipality,広島県,,,heuristic,daily,342041,市区町村,True
尾道市,municipality,広島県,,,heuristic,daily,342050,市区町村,True
福山市,municipality,広島県,,,heuristic,daily,342076,市区町村,True
府中市,municipality,広島県,,,heuristic,daily,342084,市区町村,True
三次市,municipality,広島県,,,heuristic,daily,342092,市区町村,True
庄原市,municipality,広島県,,,heuristic,daily,342106,市区町村,True
大竹市,municipality,広島県,,,heuristic,daily,342114,市区町村,True
東広島市,municipality,広島県,,,heuristic,daily,342122,市区町村,True
廿日市市,municipality,広島県,,,heuristic,daily,342131,市区町村,True
安芸高田市,municipality,広島県,,,heuristic,daily,342149,市区町村,True
江田島市,municipality,広島県,,,heuristic,daily,342157,市区町村,True
広島県府中町,municipality,広島県,,,heuristic,daily,343021,市区町村,True
広島県海田町,municipality,広島県,,,heuristic,daily,343048,市区町村,True
広島県熊野町,municipality,広島県,,,heuristic,daily,343072,市区町村,True
広島県坂町,municipality,広島県,,,heuristic,daily,343099,市区町村,True
広島県安芸太田町,municipality,広島県,,,heuristic,daily,343684,市区町村,True
広島県北広島町,municipality,広島県,,,heuristic,daily,343692,市区町村,True
広島県大崎上島町,municipality,広島県,,,heuristic,daily,344311,市区町村,True
広島県世羅町,municipality,広島県,,,heuristic,daily,344621,市区町村,True
広島県神石高原町,municipality,広島県,,,heuristic,daily,345458,市区町村,True
下関市,municipality,山口県,,,heuristic,daily,352012,市区町村,True
宇部市,municipality,山口県,,,heuristic,daily,352021,市区町村,True
山口市,municipality,山口県,,,heuristic,daily,352039,市区町村,True
萩市,municipality,山口県,,,heuristic,daily,352047,市区町村,True
防府市,municipality,山口県,,,heuristic,daily,352063,市区町村,True
下松市,municipality,山口県,,,heuristic,daily,352071,市区町村,True
岩国市,municipality,山口県,,,heuristic,daily,352080,市区町村,True
光市,municipality,山口県,,,heuristic,daily,352101,市区町村,True
長門市,municipality,山口県,,,heuristic,daily,352110,市区町村,True
柳井市,municipality,山口県,,,heuristic,daily,352128,市区町村,True
美祢市,municipality,山口県,,,heuristic,daily,352136,市区町村,True
周南市,municipality,山口県,,,heuristic,daily,352152,市区町村,True
山陽小野田市,municipality,山口県,,,heuristic,daily,352161,市区町村,True
山口県周防大島町,municipality,山口県,,,heuristic,daily,353051,市区町村,True
山口県和木町,municipality,山口県,,,heuristic,daily,353213,市区町村,True
山口県上関町,municipality,山口県,,,heuristic,daily,353418,市区町村,True
山口県田布施町,municipality,山口県,,,heuristic,daily,353434,市区町村,True
山口県平生町,municipality,山口県,,,heuristic,daily,353442,市区町村,True
山口県阿武町,municipality,山口県,,,heuristic,daily,355020,市区町村,True
徳島市,municipality,徳島県,,,heuristic,daily,362018,市区町村,True
鳴門市,municipality,徳島県,,,heuristic,daily,362026,市区町村,True
小松島市,municipality,徳島県,,,heuristic,daily,362034,市区町村,True
阿南市,municipality,徳島県,,,heuristic,daily,362042,市区町村,True
吉野川市,municipality,徳島県,,,heuristic,daily,362051,市区町村,True
阿波市,municipality,徳島県,,,heuristic,daily,362069,市区町村,True
美馬市,municipality,徳島県,,,heuristic,daily,362077,市区町村,True
三好市,municipality,徳島県,,,heuristic,daily,362085,市区町村,True
徳島県勝浦町,municipality,徳島県,,,heuristic,daily,363014,市区町村,True
徳島県上勝町,municipality,徳島県,,,heuristic,daily,363022,市区町村,True
徳島県佐那河内村,municipality,徳島県,,,heuristic,daily,363219,市区町村,True
徳島県石井町,municipality,徳島県,,,heuristic,daily,363413,市区町村,True
徳島県神山町,municipality,徳島県,,,heuristic,daily,363421,市区町村,True
徳島県那賀町,municipality,徳島県,,,heuristic,daily,363685,市区町村,True
徳島県牟岐町,municipality,徳島県,,,heuristic,daily,363839,市区町村,True
徳島県美波町,municipality,徳島県,,,heuristic,daily,363871,市区町村,True
徳島県海陽町,municipality,徳島県,,,heuristic,daily,363880,市区町村,True
徳島県松茂町,municipality,徳島県,,,heuristic,daily,364011,市区町村,True
徳島県北島町,municipality,徳島県,,,heuristic,daily,364029,市区町村,True
徳島県藍住町,municipality,徳島県,,,heuristic,daily,364037,市区町村,True
徳島県板野町,municipality,徳島県,,,heuristic,daily,364045,市区町村,True
徳島県上板町,municipality,徳島県,,,heuristic,daily,364053,市区町村,True
徳島県つるぎ町,municipality,徳島県,,,heuristic,daily,364681,市区町村,True
徳島県東みよし町,municipality,徳島県,,,heuristic,daily,364894,市区町村,True
高松市,municipality,香川県,,,heuristic,daily,372013,市区町村,True
丸亀市,municipality,香川県,,,heuristic,daily,372021,市区町村,True
坂出市,municipality,香川県,,,heuristic,daily,372030,市区町村,True
善通寺市,municipality,香川県,,,heuristic,daily,372048,市区町村,True
観音寺市,municipality,香川県,,,heuristic,daily,372056,市区町村,True
さぬき市,municipality,香川県,,,heuristic,daily,372064,市区町村,True
東かがわ市,municipality,香川県,,,heuristic,daily,372072,市区町村,True
三豊市,municipality,香川県,,,heuristic,daily,372081,市区町村,True
香川県土庄町,municipality,香川県,,,heuristic,daily,373222,市区町村,True
香川県小豆島町,municipality,香川県,,,heuristic,daily,373249,市区町村,True
香川県三木町,municipality,香川県,,,heuristic,daily,373419,市区町村,True
香川県直島町,municipality,香川県,,,heuristic,daily,373648,市区町村,True
香川県宇多津町,municipality,香川県,,,heuristic,daily,373869,市区町村,True
香川県綾川町,municipality,香川県,,,heuristic,daily,373877,市区町村,True
香川県琴平町,municipality,香川県,,,heuristic,daily,374032,市区町村,True
香川県多度津町,municipality,香川県,,,heuristic,daily,374041,市区町村,True
香川県まんのう町,municipality,香川県,,,heuristic,daily,374067,市区町村,True
松山市,municipality,愛媛県,,,heuristic,daily,382019,市区町村,True
今治市,municipality,愛媛県,,,heuristic,daily,382027,市区町村,True
宇和島市,municipality,愛媛県,,,heuristic,daily,382035,市区町村,True
八幡浜市,municipality,愛媛県,,,heuristic,daily,382043,市区町村,True
新居浜市,municipality,愛媛県,,,heuristic,daily,382051,市区町村,True
西条市,municipality,愛媛県,,,heuristic,daily,382060,市区町村,True
大洲市,municipality,愛媛県,,,heuristic,daily,382078,市区町村,True
伊予市,municipality,愛媛県,,,heuristic,daily,382108,市区町村,True
四国中央市,municipality,愛媛県,,,heuristic,daily,382132,市区町村,True
西予市,municipality,愛媛県,,,heuristic,daily,382141,市区町村,True
東温市,municipality,愛媛県,,,heuristic,daily,382159,市区町村,True
愛媛県上島町,municipality,愛媛県,,,heuristic,daily,383562,市区町村,True
愛媛県久万高原町,municipality,愛媛県,,,heuristic,daily,383864,市区町村,True
愛媛県松前町,municipality,愛媛県,,,heuristic,daily,384011,市区町村,True
愛媛県砥部町,municipality,愛媛県,,,heuristic,daily,384020,市区町村,True
愛媛県内子町,municipality,愛媛県,,,heuristic,daily,384224,市区町村,True
愛媛県伊方町,municipality,愛媛県,,,heuristic,daily,384429,市区町村,True
愛媛県松野町,municipality,愛媛県,,,heuristic,daily,384844,市区町村,True
愛媛県鬼北町,municipality,愛媛県,,,heuristic,daily,384887,市区町村,True
愛媛県愛南町,municipality,愛媛県,,,heuristic,daily,385069,市区町村,True
高知市,municipality,高知県,,,heuristic,daily,392014,市区町村,True
室戸市,municipality,高知県,,,heuristic,daily,392022,市区町村,True
安芸市,municipality,高知県,,,heuristic,daily,392031,市区町村,True
南国市,municipality,高知県,,,heuristic,daily,392049,市区町村,True
土佐市,municipality,高知県,,,heuristic,daily,392057,市区町村,True
須崎市,municipality,高知県,,,heuristic,daily,392065,市区町村,True
宿毛市,municipality,高知県,,,heuristic,daily,392081,市区町村,True
土佐清水市,municipality,高知県,,,heuristic,daily,392090,市区町村,True
四万十市,municipality,高知県,,,heuristic,daily,392103,市区町村,True
香南市,municipality,高知県,,,heuristic,daily,392111,市区町村,True
香美市,municipality,高知県,,,heuristic,daily,392120,市区町村,True
高知県東洋町,municipality,高知県,,,heuristic,daily,393011,市区町村,True
高知県奈半利町,municipality,高知県,,,heuristic,daily,393029,市区町村,True
高知県田野町,municipality,高知県,,,heuristic,daily,393037,市区町村,True
高知県安田町,municipality,高知県,,,heuristic,daily,393045,市区町村,True
高知県北川村,municipality,高知県,,,heuristic,daily,393053,市区町村,True
高知県馬路村,municipality,高知県,,,heuristic,daily,393061,市区町村,True
高知県芸西村,municipality,高知県,,,heuristic,daily,393070,市区町村,True
高知県本山町,municipality,高知県,,,heuristic,daily,393410,市区町村,True
高知県大豊町,municipality,高知県,,,heuristic,daily,393444,市区町村,True
高知県土佐町,municipality,高知県,,,heuristic,daily,393631,市区町村,True
高知県大川村,municipality,高知県,,,heuristic,daily,393649,市区町村,True
高知県いの町,municipality,高知県,,,heuristic,daily,393860,市区町村,True
高知県仁淀川町,municipality,高知県,,,heuristic,daily,393878,市区町村,True
高知県中土佐町,municipality,高知県,,,heuristic,daily,394017,市区町村,True
高知県佐川町,municipality,高知県,,,heuristic,daily,394025,市区町村,True
高知県越知町,municipality,高知県,,,heuristic,daily,394033,市区町村,True
高知県檮原町,municipality,高知県,,,heuristic,daily,394050,市区町村,True
高知県日高村,municipality,高知県,,,heuristic,daily,394106,市区町村,True
高知県津野町,municipality,高知県,,,heuristic,daily,394114,市区町村,True
高知県四万十町,municipality,高知県,,,heuristic,daily,394122,市区町村,True
高知県大月町,municipality,高知県,,,heuristic,daily,394246,市区町村,True
高知県三原村,municipality,高知県,,,heuristic,daily,394271,市区町村,True
高知県黒潮町,municipality,高知県,,,heuristic,daily,394289,市区町村,True
北九州市,municipality,福岡県,,,heuristic,daily,401005,市区町村,True
福岡市,municipality,福岡県,,,heuristic,daily,401307,市区町村,True
大牟田市,municipality,福岡県,,,heuristic,daily,402028,市区町村,True
久留米市,municipality,福岡県,,,heuristic,daily,402036,市区町村,True
直方市,municipality,福岡県,,,heuristic,daily,402044,市区町村,True
飯塚市,municipality,福岡県,,,heuristic,daily,402052,市区町村,True
田川市,municipality,福岡県,,,heuristic,daily,402061,市区町村,True
柳川市,municipality,福岡県,,,heuristic,daily,402079,市区町村,True
八女市,municipality,福岡県,,,heuristic,daily,402109,市区町村,True
筑後市,municipality,福岡県,,,heuristic,daily,402117,市区町村,True
大川市,municipality,福岡県,,,heuristic,daily,402125,市区町村,True
行橋市,municipality,福岡県,,,heuristic,daily,402133,市区町村,True
豊前市,municipality,福岡県,,,heuristic,daily,402141,市区町村,True
中間市,municipality,福岡県,,,heuristic,daily,402150,市区町村,True
小郡市,municipality,福岡県,,,heuristic,daily,402168,市区町村,True
筑紫野市,municipality,福岡県,,,heuristic,daily,402176,市区町村,True
春日市,municipality,福岡県,,,heuristic,daily,402184,市区町村,True
大野城市,municipality,福岡県,,,heuristic,daily,402192,市区町村,True
宗像市,municipality,福岡県,,,heuristic,daily,402206,市区町村,True
太宰府市,municipality,福岡県,,,heuristic,daily,402214,市区町村,True
古賀市,municipality,福岡県,,,heuristic,daily,402231,市区町村,True
福津市,municipality,福岡県,,,heuristic,daily,402249,市区町村,True
うきは市,municipality,福岡県,,,heuristic,daily,402257,市区町村,True
宮若市,municipality,福岡県,,,heuristic,daily,402265,市区町村,True
嘉麻市,municipality,福岡県,,,heuristic,daily,402273,市区町村,True
朝倉市,municipality,福岡県,,,heuristic,daily,402281,市区町村,True
みやま市,municipality,福岡県,,,heuristic,daily,402290,市区町村,True
糸島市,municipality,福岡県,,,heuristic,daily,402303,市区町村,True
那珂川市,municipality,福岡県,,,heuristic,daily,402311,市区町村,True
福岡県宇美町,municipality,福岡県,,,heuristic,daily,403415,市区町村,True
福岡県篠栗町,municipality,福岡県,,,heuristic,daily,403423,市区町村,True
福岡県志免町,municipality,福岡県,,,heuristic,daily,403431,市区町村,True
福岡県須恵町,municipality,福岡県,,,heuristic,daily,403440,市区町村,True
福岡県新宮町,municipality,福岡県,,,heuristic,daily,403458,市区町村,True
福岡県久山町,municipality,福岡県,,,heuristic,daily,403482,市区町村,True
福岡県粕屋町,municipality,福岡県,,,heuristic,daily,403491,市区町村,True
福岡県芦屋町,municipality,福岡県,,,heuristic,daily,403814,市区町村,True
福岡県水巻町,municipality,福岡県,,,heuristic,daily,403822,市区町村,True
福岡県岡垣町,municipality,福岡県,,,heuristic,daily,403831,市区町村,True
福岡県遠賀町,municipality,福岡県,,,heuristic,daily,403849,市区町村,True
福岡県小竹町,municipality,福岡県,,,heuristic,daily,404012,市区町村,True
福岡県鞍手町,municipality,福岡県,,,heuristic,daily,404021,市区町村,True
福岡県桂川町,municipality,福岡県,,,heuristic,daily,404217,市区町村,True
福岡県筑前町,municipality,福岡県,,,heuristic,daily,404471,市区町村,True
福岡県東峰村,municipality,福岡県,,,heuristic,daily,404489,市区町村,True
福岡県大刀洗町,municipality,福岡県,,,heuristic,daily,405035,市区町村,True
福岡県大木町,municipality,福岡県,,,heuristic,daily,405221,市区町村,True
福岡県広川町,municipality,福岡県,,,heuristic,daily,405442,市区町村,True
福岡県香春町,municipality,福岡県,,,heuristic,daily,406015,市区町村,True
福岡県添田町,municipality,福岡県,,,heuristic,daily,406023,市区町村,True
福岡県糸田町,municipality,福岡県,,,heuristic,daily,406040,市区町村,True
福岡県川崎町,municipality,福岡県,,,heuristic,daily,406058,市区町村,True
福岡県大任町,municipality,福岡県,,,heuristic,daily,406082,市区町村,True
福岡県赤村,municipality,福岡県,,,heuristic,daily,406091,市区町村,True
福岡県福智町,municipality,福岡県,,,heuristic,daily,406104,市区町村,True
福岡県苅田町,municipality,福岡県,,,heuristic,daily,406210,市区町村,True
福岡県みやこ町,municipality,福岡県,,,heuristic,daily,406252,市区町村,True
福岡県吉富町,municipality,福岡県,,,heuristic,daily,406422,市区町村,True
福岡県上毛町,municipality,福岡県,,,heuristic,daily,406465,市区町村,True
福岡県築上町,municipality,福岡県,,,heuristic,daily,406473,市区町村,True
佐賀市,municipality,佐賀県,,,heuristic,daily,412015,市区町村,True
唐津市,municipality,佐賀県,,,heuristic,daily,412023,市区町村,True
鳥栖市,municipality,佐賀県,,,heuristic,daily,412031,市区町村,True
多久市,municipality,佐賀県,,,heuristic,daily,412040,市区町村,True
伊万里市,municipality,佐賀県,,,heuristic,daily,412058,市区町村,True
武雄市,municipality,佐賀県,,,heuristic,daily,412066,市区町村,True
鹿島市,municipality,佐賀県,,,heuristic,daily,412074,市区町村,True
小城市,municipality,佐賀県,,,heuristic,daily,412082,市区町村,True
嬉野市,municipality,佐賀県,,,heuristic,daily,412091,市区町村,True
神埼市,municipality,佐賀県,,,heuristic,daily,412104,市区町村,True
佐賀県吉野ヶ里町,municipality,佐賀県,,,heuristic,daily,413275,市区町村,True
佐賀県基山町,municipality,佐賀県,,,heuristic,daily,413411,市区町村,True
佐賀県上峰町,municipality,佐賀県,,,heuristic,daily,413453,市区町村,True
佐賀県みやき町,municipality,佐賀県,,,heuristic,daily,413461,市区町村,True
佐賀県玄海町,municipality,佐賀県,,,heuristic,daily,413879,市区町村,True
佐賀県有田町,municipality,佐賀県,,,heuristic,daily,414018,市区町村,True
佐賀県大町町,municipality,佐賀県,,,heuristic,daily,414239,市区町村,True
佐賀県江北町,municipality,佐賀県,,,heuristic,daily,414247,市区町村,True
佐賀県白石町,municipality,佐賀県,,,heuristic,daily,414255,市区町村,True
佐賀県太良町,municipality,佐賀県,,,heuristic,daily,414417,市区町村,True
長崎市,municipality,長崎県,,,heuristic,daily,422011,市区町村,True
佐世保市,municipality,長崎県,,,heuristic,daily,422029,市区町村,True
島原市,municipality,長崎県,,,heuristic,daily,422037,市区町村,True
諫早市,municipality,長崎県,,,heuristic,daily,422045,市区町村,True
大村市,municipality,長崎県,,,heuristic,daily,422053,市区町村,True
平戸市,municipality,長崎県,,,heuristic,daily,422070,市区町村,True
松浦市,municipality,長崎県,,,heuristic,daily,422088,市区町村,True
対馬市,municipality,長崎県,,,heuristic,daily,422096,市区町村,True
壱岐市,municipality,長崎県,,,heuristic,daily,422100,市区町村,True
五島市,municipality,長崎県,,,heuristic,daily,422118,市区町村,True
西海市,municipality,長崎県,,,heuristic,daily,422126,市区町村,True
雲仙市,municipality,長崎県,,,heuristic,daily,422134,市区町村,True
南島原市,municipality,長崎県,,,heuristic,daily,422142,市区町村,True
長崎県長与町,municipality,長崎県,,,heuristic,daily,423076,市区町村,True
長崎県時津町,municipality,長崎県,,,heuristic,daily,423084,市区町村,True
長崎県東彼杵町,municipality,長崎県,,,heuristic,daily,423211,市区町村,True
長崎県川棚町,municipality,長崎県,,,heuristic,daily,423220,市区町村,True
長崎県波佐見町,municipality,長崎県,,,heuristic,daily,423238,市区町村,True
長崎県小値賀町,municipality,長崎県,,,heuristic,daily,423831,市区町村,True
長崎県佐々町,municipality,長崎県,,,heuristic,daily,423912,市区町村,True
長崎県新上五島町,municipality,長崎県,,,heuristic,daily,424111,市区町村,True
熊本市,municipality,熊本県,,,heuristic,daily,431001,市区町村,True
八代市,municipality,熊本県,,,heuristic,daily,432024,市区町村,True
人吉市,municipality,熊本県,,,heuristic,daily,432032,市区町村,True
荒尾市,municipality,熊本県,,,heuristic,daily,432041,市区町村,True
水俣市,municipality,熊本県,,,heuristic,daily,432059,市区町村,True
玉名市,municipality,熊本県,,,heuristic,daily,432067,市区町村,True
山鹿市,municipality,熊本県,,,heuristic,daily,432083,市区町村,True
菊池市,municipality,熊本県,,,heuristic,daily,432105,市区町村,True
宇土市,municipality,熊本県,,,heuristic,daily,432113,市区町村,True
上天草市,municipality,熊本県,,,heuristic,daily,432121,市区町村,True
宇城市,municipality,熊本県,,,heuristic,daily,432130,市区町村,True
阿蘇市,municipality,熊本県,,,heuristic,daily,432148,市区町村,True
天草市,municipality,熊本県,,,heuristic,daily,432156,市区町村,True
合志市,municipality,熊本県,,,heuristic,daily,432164,市区町村,True
熊本県美里町,municipality,熊本県,,,heuristic,daily,433489,市区町村,True
熊本県玉東町,municipality,熊本県,,,heuristic,daily,433641,市区町村,True
熊本県南関町,municipality,熊本県,,,heuristic,daily,433675,市区町村,True
熊本県長洲町,municipality,熊本県,,,heuristic,daily,433683,市区町村,True
熊本県和水町,municipality,熊本県,,,heuristic,daily,433691,市区町村,True
熊本県大津町,municipality,熊本県,,,heuristic,daily,434035,市区町村,True
熊本県菊陽町,municipality,熊本県,,,heuristic,daily,434043,市区町村,True
熊本県南小国町,municipality,熊本県,,,heuristic,daily,434230,市区町村,True
熊本県小国町,municipality,熊本県,,,heuristic,daily,434248,市区町村,True
熊本県産山村,municipality,熊本県,,,heuristic,daily,434256,市区町村,True
熊本県高森町,municipality,熊本県,,,heuristic,daily,434281,市区町村,True
熊本県西原村,municipality,熊本県,,,heuristic,daily,434329,市区町村,True
熊本県南阿蘇村,municipality,熊本県,,,heuristic,daily,434337,市区町村,True
熊本県御船町,municipality,熊本県,,,heuristic,daily,434418,市区町村,True
熊本県嘉島町,municipality,熊本県,,,heuristic,daily,434426,市区町村,True
熊本県益城町,municipality,熊本県,,,heuristic,daily,434434,市区町村,True
熊本県甲佐町,municipality,熊本県,,,heuristic,daily,434442,市区町村,True
熊本県山都町,municipality,熊本県,,,heuristic,daily,434477,市区町村,True
熊本県氷川町,municipality,熊本県,,,heuristic,daily,434680,市区町村,True
熊本県芦北町,municipality,熊本県,,,heuristic,daily,434825,市区町村,True
熊本県津奈木町,municipality,熊本県,,,heuristic,daily,434841,市区町村,True
熊本県錦町,municipality,熊本県,,,heuristic,daily,435015,市区町村,True
熊本県多良木町,municipality,熊本県,,,heuristic,daily,435058,市区町村,True
熊本県湯前町,municipality,熊本県,,,heuristic,daily,435066,市区町村,True
熊本県水上村,municipality,熊本県,,,heuristic,daily,435074,市区町村,True
熊本県相良村,municipality,熊本県,,,heuristic,daily,435104,市区町村,True
熊本県五木村,municipality,熊本県,,,heuristic,daily,435112,市区町村,True
熊本県山江村,municipality,熊本県,,,heuristic,daily,435121,市区町村,True
熊本県球磨村,municipality,熊本県,,,heuristic,daily,435139,市区町村,True
熊本県あさぎり町,municipality,熊本県,,,heuristic,daily,435147,市区町村,True
熊本県苓北町,municipality,熊本県,,,heuristic,daily,435317,市区町村,True
大分市,municipality,大分県,,,heuristic,daily,442011,市区町村,True
別府市,municipality,大分県,,,heuristic,daily,442020,市区町村,True
中津市,municipality,大分県,,,heuristic,daily,442038,市区町村,True
日田市,municipality,大分県,,,heuristic,daily,442046,市区町村,True
佐伯市,municipality,大分県,,,heuristic,daily,442054,市区町村,True
臼杵市,municipality,大分県,,,heuristic,daily,442062,市区町村,True
津久見市,municipality,大分県,,,heuristic,daily,442071,市区町村,True
竹田市,municipality,大分県,,,heuristic,daily,442089,市区町村,True
豊後高田市,municipality,大分県,,,heuristic,daily,442097,市区町村,True
杵築市,municipality,大分県,,,heuristic,daily,442101,市区町村,True
宇佐市,municipality,大分県,,,heuristic,daily,442119,市区町村,True
豊後大野市,municipality,大分県,,,heuristic,daily,442127,市区町村,True
由布市,municipality,大分県,,,heuristic,daily,442135,市区町村,True
国東市,municipality,大分県,,,heuristic,daily,442143,市区町村,True
大分県姫島村,municipality,大分県,,,heuristic,daily,443221,市区町村,True
大分県日出町,municipality,大分県,,,heuristic,daily,443417,市区町村,True
大分県九重町,municipality,大分県,,,heuristic,daily,444618,市区町村,True
大分県玖珠町,municipality,大分県,,,heuristic,daily,444626,市区町村,True
宮崎市,municipality,宮崎県,,,heuristic,daily,452017,市区町村,True
都城市,municipality,宮崎県,,,heuristic,daily,452025,市区町村,True
延岡市,municipality,宮崎県,,,heuristic,daily,452033,市区町村,True
日南市,municipality,宮崎県,,,heuristic,daily,452041,市区町村,True
小林市,municipality,宮崎県,,,heuristic,daily,452050,市区町村,True
日向市,municipality,宮崎県,,,heuristic,daily,452068,市区町村,True
串間市,municipality,宮崎県,,,heuristic,daily,452076,市区町村,True
西都市,municipality,宮崎県,,,heuristic,daily,452084,市区町村,True
えびの市,municipality,宮崎県,,,heuristic,daily,452092,市区町村,True
宮崎県三股町,municipality,宮崎県,,,heuristic,daily,453412,市区町村,True
宮崎県高原町,municipality,宮崎県,,,heuristic,daily,453617,市区町村,True
宮崎県国富町,municipality,宮崎県,,,heuristic,daily,453820,市区町村,True
宮崎県綾町,municipality,宮崎県,,,heuristic,daily,453838,市区町村,True
宮崎県高鍋町,municipality,宮崎県,,,heuristic,daily,454010,市区町村,True
宮崎県新富町,municipality,宮崎県,,,heuristic,daily,454028,市区町村,True
宮崎県西米良村,municipality,宮崎県,,,heuristic,daily,454036,市区町村,True
宮崎県木城町,municipality,宮崎県,,,heuristic,daily,454044,市区町村,True
宮崎県川南町,municipality,宮崎県,,,heuristic,daily,454052,市区町村,True
宮崎県都農町,municipality,宮崎県,,,heuristic,daily,454061,市区町村,True
宮崎県門川町,municipality,宮崎県,,,heuristic,daily,454214,市区町村,True
宮崎県諸塚村,municipality,宮崎県,,,heuristic,daily,454290,市区町村,True
宮崎県椎葉村,municipality,宮崎県,,,heuristic,daily,454303,市区町村,True
宮崎県美郷町,municipality,宮崎県,,,heuristic,daily,454311,市区町村,True
宮崎県高千穂町,municipality,宮崎県,,,heuristic,daily,454419,市区町村,True
宮崎県日之影町,municipality,宮崎県,,,heuristic,daily,454427,市区町村,True
宮崎県五ヶ瀬町,municipality,宮崎県,,,heuristic,daily,454435,市区町村,True
鹿児島市,municipality,鹿児島県,,,heuristic,daily,462012,市区町村,True
鹿屋市,municipality,鹿児島県,,,heuristic,daily,462039,市区町村,True
枕崎市,municipality,鹿児島県,,,heuristic,daily,462047,市区町村,True
阿久根市,municipality,鹿児島県,,,heuristic,daily,462063,市区町村,True
出水市,municipality,鹿児島県,,,heuristic,daily,462080,市区町村,True
指宿市,municipality,鹿児島県,,,heuristic,daily,462101,市区町村,True
西之表市,municipality,鹿児島県,,,heuristic,daily,462136,市区町村,True
垂水市,municipality,鹿児島県,,,heuristic,daily,462144,市区町村,True
薩摩川内市,municipality,鹿児島県,,,heuristic,daily,462152,市区町村,True
日置市,municipality,鹿児島県,,,heuristic,daily,462161,市区町村,True
曽於市,municipality,鹿児島県,,,heuristic,daily,462179,市区町村,True
霧島市,municipality,鹿児島県,,,heuristic,daily,462187,市区町村,True
いちき串木野市,municipality,鹿児島県,,,heuristic,daily,462195,市区町村,True
南さつま市,municipality,鹿児島県,,,heuristic,daily,462209,市区町村,True
志布志市,municipality,鹿児島県,,,heuristic,daily,462217,市区町村,True
奄美市,municipality,鹿児島県,,,heuristic,daily,462225,市区町村,True
南九州市,municipality,鹿児島県,,,heuristic,daily,462233,市区町村,True
伊佐市,municipality,鹿児島県,,,heuristic,daily,462241,市区町村,True
姶良市,municipality,鹿児島県,,,heuristic,daily,462250,市区町村,True
鹿児島県三島村,municipality,鹿児島県,,,heuristic,daily,463035,市区町村,True
鹿児島県十島村,municipality,鹿児島県,,,heuristic,daily,463043,市区町村,True
鹿児島県さつま町,municipality,鹿児島県,,,heuristic,daily,463922,市区町村,True
鹿児島県長島町,municipality,鹿児島県,,,heuristic,daily,464040,市区町村,True
鹿児島県湧水町,municipality,鹿児島県,,,heuristic,daily,464520,市区町村,True
鹿児島県大崎町,municipality,鹿児島県,,,heuristic,daily,464686,市区町村,True
鹿児島県東串良町,municipality,鹿児島県,,,heuristic,daily,464821,市区町村,True
鹿児島県錦江町,municipality,鹿児島県,,,heuristic,daily,464902,市区町村,True
鹿児島県南大隅町,municipality,鹿児島県,,,heuristic,daily,464911,市区町村,True
鹿児島県肝付町,municipality,鹿児島県,,,heuristic,daily,464929,市区町村,True
鹿児島県中種子町,municipality,鹿児島県,,,heuristic,daily,465011,市区町村,True
鹿児島県南種子町,municipality,鹿児島県,,,heuristic,daily,465020,市区町村,True
鹿児島県屋久島町,municipality,鹿児島県,,,heuristic,daily,465054,市区町村,True
鹿児島県大和村,municipality,鹿児島県,,,heuristic,daily,465232,市区町村,True
鹿児島県宇検村,municipality,鹿児島県,,,heuristic,daily,465241,市区町村,True
鹿児島県瀬戸内町,municipality,鹿児島県,,,heuristic,daily,465259,市区町村,True
鹿児島県龍郷町,municipality,鹿児島県,,,heuristic,daily,465275,市区町村,True
鹿児島県喜界町,municipality,鹿児島県,,,heuristic,daily,465291,市区町村,True
鹿児島県徳之島町,municipality,鹿児島県,,,heuristic,daily,465305,市区町村,True
鹿児島県天城町,municipality,鹿児島県,,,heuristic,daily,465313,市区町村,True
鹿児島県伊仙町,municipality,鹿児島県,,,heuristic,daily,465321,市区町村,True
鹿児島県和泊町,municipality,鹿児島県,,,heuristic,daily,465330,市区町村,True
鹿児島県知名町,municipality,鹿児島県,,,heuristic,daily,465348,市区町村,True
鹿児島県与論町,municipality,鹿児島県,,,heuristic,daily,465356,市区町村,True
那覇市,municipality,沖縄県,,,heuristic,daily,472018,市区町村,True
宜野湾市,municipality,沖縄県,,,heuristic,daily,472051,市区町村,True
石垣市,municipality,沖縄県,,,heuristic,daily,472077,市区町村,True
浦添市,municipality,沖縄県,,,heuristic,daily,472085,市区町村,True
名護市,municipality,沖縄県,,,heuristic,daily,472093,市区町村,True
糸満市,municipality,沖縄県,,,heuristic,daily,472107,市区町村,True
沖縄市,municipality,沖縄県,,,heuristic,daily,472115,市区町村,True
豊見城市,municipality,沖縄県,,,heuristic,daily,472123,市区町村,True
うるま市,municipality,沖縄県,,,heuristic,daily,472131,市区町村,True
宮古島市,municipality,沖縄県,,,heuristic,daily,472140,市区町村,True
南城市,municipality,沖縄県,,,heuristic,daily,472158,市区町村,True
沖縄県国頭村,municipality,沖縄県,,,heuristic,daily,473014,市区町村,True
沖縄県大宜味村,municipality,沖縄県,,,heuristic,daily,473022,市区町村,True
沖縄県東村,municipality,沖縄県,,,heuristic,daily,473031,市区町村,True
沖縄県今帰仁村,municipality,沖縄県,,,heuristic,daily,473065,市区町村,True
沖縄県本部町,municipality,沖縄県,,,heuristic,daily,473081,市区町村,True
沖縄県恩納村,municipality,沖縄県,,,heuristic,daily,473111,市区町村,True
沖縄県宜野座村,municipality,沖縄県,,,heuristic,daily,473138,市区町村,True
沖縄県金武町,municipality,沖縄県,,,heuristic,daily,473146,市区町村,True
沖縄県伊江村,municipality,沖縄県,,,heuristic,daily,473154,市区町村,True
沖縄県読谷村,municipality,沖縄県,,,heuristic,daily,473243,市区町村,True
沖縄県嘉手納町,municipality,沖縄県,,,heuristic,daily,473251,市区町村,True
沖縄県北谷町,municipality,沖縄県,,,heuristic,daily,473260,市区町村,True
沖縄県北中城村,municipality,沖縄県,,,heuristic,daily,473278,市区町村,True
沖縄県中城村,municipality,沖縄県,,,heuristic,daily,473286,市区町村,True
沖縄県西原町,municipality,沖縄県,,,heuristic,daily,473294,市区町村,True
沖縄県与那原町,municipality,沖縄県,,,heuristic,daily,473481,市区町村,True
沖縄県南風原町,municipality,沖縄県,,,heuristic,daily,473502,市区町村,True
沖縄県渡嘉敷村,municipality,沖縄県,,,heuristic,daily,473537,市区町村,True
沖縄県座間味村,municipality,沖縄県,,,heuristic,daily,473545,市区町村,True
沖縄県粟国村,municipality,沖縄県,,,heuristic,daily,473553,市区町村,True
沖縄県渡名喜村,municipality,沖縄県,,,heuristic,daily,473561,市区町村,True
沖縄県南大東村,municipality,沖縄県,,,heuristic,daily,473570,市区町村,True
沖縄県北大東村,municipality,沖縄県,,,heuristic,daily,473588,市区町村,True
沖縄県伊平屋村,municipality,沖縄県,,,heuristic,daily,473596,市区町村,True
沖縄県伊是名村,municipality,沖縄県,,,heuristic,daily,473600,市区町村,True
沖縄県久米島町,municipality,沖縄県,,,heuristic,daily,473618,市区町村,True
沖縄県八重瀬町,municipality,沖縄県,,,heuristic,daily,473626,市区町村,True
沖縄県多良間村,municipality,沖縄県,,,heuristic,daily,473758,市区町村,True
沖縄県竹富町,municipality,沖縄県,,,heuristic,daily,473812,市区町村,True
沖縄県与那国町,municipality,沖縄県,,,heuristic,daily,473821,市区町村,True
